brand,model_year,fuel_type,transmission,ext_col,accident,Country_of_Origin,Engine_CC,Mileage_KM,Price_USD,base_model
Ford,2013,Flex Fuel,Automatic,Black,Accident Reported,USA,3700.0,82076,10300.0,Utility Police
Hyundai,2021,Gasoline,Automatic,Other,Accident Reported,South Korea,3800.0,55912,38005.0,Palisade
Lexus,2022,Gasoline,Automatic,Blue,Clean,Japan,3500.0,36004,54598.0,Rx 350
Infiniti,2015,Hybrid,Automatic,Black,Clean,Japan,3500.0,143070,15500.0,Q50 Hybrid
Audi,2021,Gasoline,Automatic,Other,Clean,Germany,2000.0,15828,34999.0,Q3 45
Acura,2016,Gasoline,Automatic,Silver,Clean,Japan,2400.0,219509,14798.0,Ilx 2.4L
Audi,2017,Gasoline,Automatic,Blue,Clean,Germany,2000.0,135185,31000.0,S3
BMW,2001,Gasoline,Automatic,Green,Clean,Germany,4400.0,389460,7300.0,740 Il
Lexus,2021,Gasoline,Automatic,Black,Clean,Japan,3500.0,37716,41927.0,Rc 350
Toyota,2021,Gasoline,Automatic,Yellow,Clean,Japan,3000.0,20117,53500.0,Supra 3.0
Lincoln,2022,Gasoline,Automatic,Black,Clean,USA,3000.0,29284,62000.0,Aviator Reserve
Jaguar,2020,Gasoline,Automatic,Silver,Clean,UK,2000.0,25593,47998.0,F-Type
Land,2013,Gasoline,Automatic,White,Clean,UK,5000.0,128425,29990.0,Rover Lr4
Dodge,2013,Gasoline,Automatic,Black,Clean,USA,3600.0,98289,16800.0,Challenger Sxt
Nissan,2003,Gasoline,Manual,Purple,Clean,Japan,3500.0,119091,11000.0,350Z Enthusiast
Jaguar,2018,Gasoline,Automatic,Green,Clean,UK,5000.0,56729,68750.0,F-Type R
Chevrolet,2000,Flex Fuel,Automatic,Blue,Clean,USA,2200.0,214863,4500.0,S-10 Ls
BMW,2020,Gasoline,Automatic,White,Clean,Germany,3000.0,41827,38598.0,440 Gran
Ford,2023,Gasoline,Automatic,Silver,Clean,USA,3500.0,4543,58504.0,F-150 Xlt
Chevrolet,2021,Gasoline,Automatic,Blue,Clean,USA,5300.0,83686,61000.0,Suburban Rst
Hyundai,2022,Gasoline,Automatic,Black,Clean,South Korea,2000.0,18749,32300.0,Elantra N
Nissan,2016,Gasoline,Automatic,Blue,Clean,Japan,1800.0,155367,13998.0,Sentra Sr
Mercedes-Benz,2021,Gasoline,Automatic,Gray,Clean,Germany,2000.0,28163,59995.0,Amg Cla
BMW,2015,Gasoline,Automatic,Gray,Clean,Germany,4400.0,111044,25700.0,650 Gran
Audi,2017,Flex Fuel,Automatic,Black,Clean,Germany,2000.0,131773,21375.0,Q5
Mercedes-Benz,2018,Gasoline,Automatic,Silver,Clean,Germany,3000.0,46349,48000.0,Amg C
Dodge,2006,Gasoline,Automatic,Silver,Accident Reported,USA,5700.0,483097,10900.0,Ram 1500
Kia,2011,Gasoline,Automatic,Black,Clean,South Korea,3500.0,275197,5999.0,Sorento Sx
Lexus,2016,Gasoline,Automatic,Black,Clean,Japan,5700.0,191029,46900.0,Lx 570
Jeep,2017,Gasoline,Automatic,Red,Clean,USA,2400.0,191511,15900.0,New Compass
BMW,2018,Gasoline,Automatic,Gray,Clean,Germany,3000.0,71231,33598.0,340 I
Audi,2012,Gasoline,Automatic,Silver,Clean,Germany,2000.0,202093,8999.0,A4 Quattro
Hyundai,2007,Gasoline,Automatic,Gold,Clean,South Korea,2700.0,26071,8200.0,Tucson
BMW,2014,Gasoline,Automatic,White,Accident Reported,Germany,2000.0,112654,20000.0,Z4 Sdrive28I
Bentley,2011,Flex Fuel,Automatic,Black,Clean,UK,6000.0,32509,79950.0,Continental Gtc
Honda,2023,Gasoline,Automatic,Silver,Clean,Japan,3500.0,4793,45498.0,Passport Elite
Dodge,2007,Diesel,Automatic,White,Accident Reported,USA,3000.0,305322,14000.0,Sprinter 2500
BMW,2019,Gasoline,Automatic,Blue,Clean,Germany,4400.0,16011,75798.0,M850 I
Audi,2012,Gasoline,Automatic,Black,Accident Reported,Germany,3000.0,86904,36880.0,A7
Chevrolet,2021,Gasoline,Automatic,Black,Clean,USA,5300.0,82641,43147.0,Silverado 1500
MINI,2017,Gasoline,Automatic,Black,Accident Reported,UK,2000.0,39075,29000.0,Convertible John
Toyota,2016,Gasoline,Automatic,Black,Clean,Japan,3500.0,143469,17500.0,Avalon Touring
Porsche,2017,Gasoline,Automatic,White,Clean,Germany,3600.0,117551,30990.0,Cayenne Platinum
Mercedes-Benz,2017,Gasoline,Automatic,Gray,Accident Reported,Germany,4000.0,96560,52500.0,Amg C
Honda,2016,Gasoline,Automatic,Other,Accident Reported,Japan,2400.0,118365,20848.0,Cr-V Ex-L
Hummer,2005,Gasoline,Automatic,Gray,Clean,USA,6000.0,178476,19500.0,H2
Porsche,2013,Gasoline,Automatic,Blue,Clean,Germany,3800.0,62764,73000.0,911 Carrera
Mercedes-Benz,2016,Gasoline,Automatic,Black,Clean,Germany,2000.0,193121,19800.0,Cla-Class Cla
Chrysler,2009,Gasoline,Automatic,Blue,Clean,USA,3500.0,216620,7500.0,300 Touring
Nissan,2023,Gasoline,Automatic,Other,Clean,Japan,1500.0,1761,30999.0,Rogue Sv
Audi,2010,Gasoline,Automatic,Silver,Clean,Germany,2000.0,134380,6500.0,A3
Ford,2014,Gasoline,Manual,Black,Clean,USA,5000.0,59642,28500.0,Mustang Gt
Acura,2010,Gasoline,Automatic,Blue,Clean,Japan,3700.0,157233,10995.0,Rl Technology
Volvo,2018,Plug-In Hybrid,Automatic,Black,Clean,Sweden,2000.0,64374,42000.0,Xc90 Hybrid
Mercedes-Benz,2014,Gasoline,Automatic,Black,Accident Reported,Germany,3500.0,299337,10000.0,Glk-Class Glk
Toyota,2021,Gasoline,Automatic,Other,Clean,Japan,2000.0,21211,23998.0,C-Hr
Lexus,2014,Gasoline,Automatic,Black,Clean,Japan,3500.0,167371,21000.0,Is 350
BMW,2023,Hybrid,Automatic,Gray,Clean,Germany,3000.0,13679,67900.0,X4 M40I
BMW,2019,Gasoline,Automatic,White,Clean,Germany,3000.0,30689,69998.0,M4 Cs
Cadillac,2023,Gasoline,Automatic,White,Clean,USA,2000.0,9801,46900.0,Ct5 Luxury
Audi,2019,Gasoline,Automatic,Black,Clean,Germany,2000.0,76481,31000.0,A5
Chrysler,2006,Gasoline,Automatic,Silver,Accident Reported,USA,6100.0,69202,19995.0,300C Srt8
BMW,2019,Gasoline,Automatic,Black,Clean,Germany,3000.0,93020,55999.0,M4
Toyota,2023,Gasoline,Manual,Silver,Clean,Japan,1600.0,1532,49950.0,Gr Corolla
Audi,2019,Gasoline,Automatic,Black,Accident Reported,Germany,2900.0,34182,59950.0,Rs 5
Porsche,2019,Gasoline,Automatic,Black,Clean,Germany,3000.0,95495,42499.0,Cayenne
Maserati,2019,Gasoline,Automatic,Black,Clean,Italy,3000.0,37385,44999.0,Quattroporte S
Jaguar,2017,Gasoline,Automatic,Red,Accident Reported,UK,3000.0,77248,30000.0,Xf 35T
Lexus,2005,Gasoline,Automatic,White,Clean,Japan,3300.0,66078,11100.0,Es 330
Land,2020,Gasoline,Automatic,White,Clean,UK,2000.0,34182,37998.0,Rover Discovery
Porsche,2015,Gasoline,Automatic,Silver,Clean,Germany,3400.0,18507,72000.0,Cayman Gts
Genesis,2021,Gasoline,Automatic,Silver,Clean,South Korea,3300.0,16013,53950.0,G90 3.3T
Volkswagen,2023,Gasoline,Manual,White,Clean,Germany,2000.0,1019,47999.0,Golf R
Hyundai,2015,Hybrid,Automatic,White,Accident Reported,South Korea,2400.0,106216,15900.0,Sonata Hybrid
Audi,2014,Gasoline,Automatic,Gray,Accident Reported,Germany,4000.0,96102,45000.0,Rs 7
BMW,2012,Gasoline,Automatic,Black,Clean,Germany,3000.0,137199,18500.0,740 Li
Mercedes-Benz,2020,Hybrid,Automatic,Black,Accident Reported,Germany,3000.0,28807,80000.0,Gls 450
BMW,2016,Gasoline,Automatic,White,Clean,Germany,4400.0,41038,55000.0,M6
Hyundai,2023,Gasoline,Manual,White,Clean,South Korea,2000.0,6115,34000.0,Elantra N
Kia,2022,Hybrid,Automatic,Other,Clean,South Korea,1600.0,58905,31995.0,Niro Plug-In
Mercedes-Benz,2018,Gasoline,Automatic,Red,Accident Reported,Germany,2000.0,53108,29900.0,Slc 300
BMW,2016,Gasoline,Automatic,White,Clean,Germany,3000.0,122324,24950.0,435 Gran
Jeep,2020,Gasoline,Automatic,Gray,Clean,USA,5700.0,50451,39366.0,Grand Cherokee
Lexus,2015,Gasoline,Automatic,Orange,Clean,Japan,3500.0,77248,32900.0,Rc 350
BMW,2005,Gasoline,Automatic,Black,Clean,Germany,2500.0,147126,8900.0,525 I
Toyota,2003,Gasoline,Manual,Beige,Accident Reported,Japan,1800.0,200775,4995.0,Corolla
GMC,2012,Gasoline,Automatic,Black,Clean,USA,3600.0,187047,7900.0,Acadia Slt-1
Lexus,2020,Gasoline,Automatic,Silver,Clean,Japan,5000.0,60944,75950.0,Lc 500
BMW,2019,Plug-In Hybrid,Automatic,White,Clean,Germany,1500.0,66788,86000.0,I8
Lexus,2013,Hybrid,Automatic,Gold,Clean,Japan,2500.0,140014,17995.0,Es 300H
Cadillac,2022,Gasoline,Automatic,White,Accident Reported,USA,3000.0,7163,55655.0,Ct5-V-Series
BMW,2020,Gasoline,Automatic,Blue,Clean,Germany,2000.0,43706,39998.0,540 I
Chevrolet,2014,Gasoline,Automatic,White,Accident Reported,USA,4300.0,224992,14500.0,Express 1500
Jeep,2022,Gasoline,Automatic,Green,Clean,USA,3600.0,43935,47500.0,Gladiator Rubicon
BMW,2014,Gasoline,Automatic,White,Clean,Germany,2000.0,59243,27000.0,Z4 Sdrive28I
Land,2016,Gasoline,Automatic,Black,Accident Reported,UK,3000.0,231745,18000.0,Rover Lr4
Cadillac,2019,Gasoline,Automatic,Blue,Clean,USA,2000.0,71616,28900.0,Xt4
BMW,2021,Gasoline,Automatic,Black,Clean,Germany,4400.0,17569,73998.0,750 750I
Bentley,2005,Gasoline,Automatic,White,Clean,UK,6750.0,13409,47350.0,Arnage R
Lincoln,2020,Gasoline,Automatic,Other,Clean,USA,3000.0,82474,47698.0,Aviator Reserve
Mercedes-Benz,2016,Gasoline,Automatic,Black,Clean,Germany,5500.0,111044,36500.0,Amg Gl
RAM,2021,Gasoline,Automatic,White,Clean,USA,3600.0,237915,32662.0,Promaster 3500
Ford,2013,Flex Fuel,Automatic,White,Accident Reported,USA,3700.0,168981,6600.0,Utility Police
Audi,2011,Gasoline,Automatic,Red,Clean,Germany,2000.0,148386,9995.0,A5
Nissan,2010,Gasoline,Automatic,White,Clean,Japan,3800.0,25106,69500.0,Gt-R
Toyota,2010,Gasoline,Automatic,Red,Accident Reported,Japan,1800.0,116433,9995.0,Corolla
Mercedes-Benz,2022,Gasoline,Automatic,White,Clean,Germany,2000.0,21206,44798.0,C-Class C300
Porsche,2016,Plug-In Hybrid,Automatic,White,Accident Reported,Germany,3000.0,154497,23000.0,Cayenne E-Hybrid
Chevrolet,2011,Flex Fuel,Automatic,White,Clean,USA,5300.0,149683,22495.0,Express 1500
Infiniti,2016,Hybrid,Automatic,White,Accident Reported,Japan,3500.0,84893,28998.0,Q70H
Audi,2020,Hybrid,Automatic,Other,Clean,Germany,3000.0,40814,49998.0,A7
BMW,2015,Gasoline,Automatic,Black,Clean,Germany,4400.0,65983,30000.0,650 Gran
Subaru,2021,Gasoline,Automatic,Black,Clean,Japan,2500.0,67793,27899.0,Forester
Mercedes-Benz,2016,Gasoline,Automatic,Black,Clean,Germany,4000.0,99779,40000.0,Amg C
Land,2006,Gasoline,Automatic,Red,Accident Reported,UK,4400.0,247586,9950.0,Rover Lr3
BMW,2019,Gasoline,Automatic,Other,Clean,Germany,3000.0,56726,53998.0,X7 Xdrive40I
Ford,2015,Gasoline,Automatic,White,Clean,USA,2500.0,312943,9888.0,Transit Connect
Lexus,2021,Gasoline,Automatic,White,Clean,Japan,5700.0,33796,89999.0,Lx 570
Dodge,2006,Gasoline,Automatic,Red,Clean,USA,5700.0,350836,12990.0,Ram 2500
Nissan,2021,Gasoline,Automatic,Silver,Accident Reported,Japan,5600.0,109113,36500.0,Armada Sl
Porsche,2014,Gasoline,Automatic,Red,Accident Reported,Germany,2700.0,127138,42999.0,Cayman
Mercedes-Benz,2022,Hybrid,Automatic,Other,Clean,Germany,3000.0,40082,63998.0,Gle 450
Chevrolet,2006,Gasoline,Automatic,White,Accident Reported,USA,5300.0,107568,12000.0,Monte Carlo
BMW,2013,Gasoline,Automatic,Blue,Clean,Germany,4400.0,138403,32000.0,M5
Hyundai,2023,Gasoline,Automatic,Other,Clean,South Korea,2000.0,1053,34599.0,Kona N
Chevrolet,2005,Gasoline,Automatic,Black,Clean,USA,3800.0,120700,12500.0,Monte Carlo
Land,2015,Gasoline,Automatic,Beige,Accident Reported,UK,2000.0,135185,22800.0,Rover Range
Audi,2017,Gasoline,Automatic,Gray,Clean,Germany,4000.0,84490,39999.0,S7 4.0T
GMC,2011,Gasoline,Automatic,Silver,Clean,USA,3600.0,193121,7500.0,Acadia Slt-1
Alfa,2020,Gasoline,Automatic,Other,Clean,Italy,2000.0,30038,35645.0,Romeo Stelvio
Kia,2017,Gasoline,Automatic,Black,Accident Reported,South Korea,5000.0,58718,23950.0,K900 5.0L
Ford,2013,Flex Fuel,Automatic,Black,Clean,USA,5400.0,260874,12500.0,E150 Xlt
Toyota,2022,Gasoline,Automatic,Silver,Clean,Japan,4000.0,45668,36999.0,4Runner Sr5
Subaru,2020,Gasoline,Automatic,Black,Clean,Japan,2500.0,52696,24000.0,Forester
Porsche,2012,Gasoline,Automatic,White,Accident Reported,Germany,3600.0,86904,26000.0,Panamera 2
Toyota,2008,Gasoline,Automatic,Silver,Accident Reported,Japan,4000.0,325175,8500.0,Tacoma Prerunner
RAM,2019,Diesel,Automatic,Black,Clean,USA,6700.0,104607,65000.0,2500 Laramie
Kia,2022,Gasoline,Automatic,Red,Clean,South Korea,2400.0,15588,30990.0,Sportage Nightfall
Cadillac,2010,Gasoline,Automatic,White,Clean,USA,4600.0,79855,10499.0,Dts
Toyota,1997,Gasoline,Automatic,White,Clean,Japan,4500.0,342789,26500.0,Land Cruiser
Lexus,2023,Gasoline,Automatic,Black,Clean,Japan,2400.0,1320,51998.0,Nx 350
Audi,2021,Gasoline,Automatic,Blue,Clean,Germany,2000.0,109435,36499.0,Q7 45
Lexus,1999,Gasoline,Automatic,White,Clean,Japan,4700.0,131966,25000.0,Lx 470
GMC,2022,Gasoline,Automatic,White,Clean,USA,1500.0,44019,27785.0,Terrain Sle
Ford,2012,Gasoline,Automatic,White,Accident Reported,USA,2500.0,207605,7000.0,Escape
Lexus,2014,Gasoline,Automatic,White,Accident Reported,Japan,4600.0,171766,30000.0,Ls 460
Ford,2019,Gasoline,Automatic,White,Clean,USA,3500.0,55799,45500.0,Expedition Platinum
Chevrolet,2010,Gasoline,Automatic,Beige,Clean,USA,3600.0,89962,8950.0,Malibu Ltz
Audi,2015,Gasoline,Automatic,White,Clean,Germany,2000.0,131966,17000.0,A5
Genesis,2023,Gasoline,Automatic,Other,Clean,South Korea,2000.0,7701,42850.0,G70
Chevrolet,2021,Gasoline,Automatic,Blue,Clean,USA,1300.0,32987,22999.0,Trailblazer Ls
Scion,2013,Gasoline,Automatic,Silver,Accident Reported,Japan,2500.0,285819,7100.0,Tc
Lincoln,2014,Hybrid,Automatic,Blue,Clean,USA,2000.0,126443,15500.0,Mkz Hybrid
Ford,2018,Flex Fuel,Automatic,White,Clean,USA,3700.0,152887,43000.0,Transit-350 Xl
Ford,2021,Gasoline,Automatic,Gray,Accident Reported,USA,2300.0,40620,39951.0,Explorer Timberline
Volvo,2011,Gasoline,Automatic,Blue,Accident Reported,Sweden,3200.0,142105,11500.0,Xc90 3.2
Chevrolet,2013,Flex Fuel,Automatic,Silver,Accident Reported,USA,5300.0,157715,27499.0,Avalanche Ltz
Audi,2018,Gasoline,Automatic,Gray,Clean,Germany,2500.0,33273,76000.0,Tt Rs
Lincoln,2008,Gasoline,Automatic,Black,Clean,USA,5400.0,152887,10900.0,Navigator L
Hyundai,2010,Gasoline,Automatic,Blue,Accident Reported,South Korea,2000.0,172199,6250.0,Elantra Gls
Audi,2016,Gasoline,Automatic,Black,Accident Reported,Germany,3000.0,96560,24700.0,Sq5 3.0T
Mitsubishi,2012,Gasoline,Manual,Black,Clean,Japan,2000.0,53108,34999.0,Lancer Evolution
Mercedes-Benz,2016,Gasoline,Automatic,White,Clean,Germany,6000.0,174613,63500.0,Maybach S
Mercedes-Benz,2018,Gasoline,Automatic,Black,Clean,Germany,4700.0,119770,44798.0,Gls 550
Chevrolet,2019,Gasoline,Automatic,Silver,Clean,USA,3600.0,89513,34562.0,Blazer Premier
Mazda,2021,Gasoline,Automatic,Silver,Accident Reported,Japan,2500.0,75167,32541.0,Cx-9 Grand
Ford,2022,Gasoline,Automatic,White,Clean,USA,3500.0,42648,65900.0,Expedition Max
Nissan,2020,Gasoline,Automatic,Black,Clean,Japan,5600.0,16095,47214.0,Titan Xd
Lexus,2019,Gasoline,Automatic,Black,Clean,Japan,5700.0,30658,76900.0,Lx 570
Chevrolet,2020,Gasoline,Automatic,White,Clean,USA,3600.0,83686,35800.0,Traverse Premier
Mercedes-Benz,2014,Diesel,Automatic,Black,Accident Reported,Germany,3000.0,104607,54999.0,Sprinter High
BMW,2004,Gasoline,Automatic,Black,Clean,Germany,3000.0,225308,6730.0,X5 3.0I
Ford,2018,Gasoline,Automatic,Blue,Accident Reported,USA,1500.0,121666,14950.0,Fusion
Lincoln,2015,Gasoline,Automatic,Beige,Clean,USA,2000.0,188763,12000.0,Mkz
Genesis,2017,Gasoline,Automatic,White,Clean,South Korea,5000.0,41843,33600.0,G90 5.0
Ford,2014,Gasoline,Manual,Black,Clean,USA,5800.0,25152,61900.0,Shelby Gt500
Saturn,2008,Gasoline,Automatic,Silver,Clean,USA,2400.0,24172,18500.0,Sky
Toyota,2016,Gasoline,Automatic,Silver,Clean,Japan,5700.0,81048,65998.0,Land Cruiser
Mercedes-Benz,2013,Gasoline,Automatic,Black,Accident Reported,Germany,4600.0,185074,36000.0,Sl-Class Sl
Porsche,2005,Gasoline,Manual,Silver,Clean,Germany,3800.0,45866,63500.0,911 Carrera
Mercedes-Benz,2018,Gasoline,Automatic,White,Clean,Germany,2000.0,83203,32000.0,Amg Gla
Ford,2008,Gasoline,Automatic,Blue,Clean,USA,3500.0,239710,3900.0,Taurus X
BMW,2018,Gasoline,Automatic,White,Accident Reported,Germany,3000.0,63247,31750.0,440 Gran
Honda,2008,Gasoline,Manual,Black,Clean,Japan,2200.0,132486,28500.0,S2000 Cr
Acura,2023,Gasoline,Automatic,Other,Clean,Japan,1500.0,5752,34998.0,Integra W/A-Spec
Ford,2001,Gasoline,Automatic,Green,Clean,USA,6800.0,175993,12749.0,Excursion
Mercedes-Benz,2004,Gasoline,Automatic,White,Clean,Germany,5000.0,74030,18853.0,Sl-Class Sl500
Infiniti,2007,Gasoline,Manual,Gray,Clean,Japan,3500.0,59707,16900.0,G35
Volkswagen,2016,Gasoline,Manual,Silver,Clean,Germany,2000.0,143231,14500.0,Golf Gti
Dodge,2022,Gasoline,Automatic,Other,Clean,USA,6400.0,1996,53900.0,Challenger R/T
Lincoln,2019,Gasoline,Automatic,Black,Accident Reported,USA,3500.0,107943,47999.0,Navigator L
Ford,2018,Gasoline,Automatic,Other,Clean,USA,3500.0,159317,34998.0,Expedition
Volkswagen,2012,Gasoline,Automatic,Black,Clean,Germany,3600.0,199260,5000.0,Routan
Toyota,2020,Gasoline,Automatic,Black,Accident Reported,Japan,3500.0,98719,34084.0,Highlander
Honda,2016,Gasoline,Automatic,Black,Clean,Japan,2000.0,155258,15599.0,Civic Lx
Jeep,2017,Gasoline,Automatic,Black,Clean,USA,3600.0,106389,31331.0,Wrangler Unlimited
Land,2008,Gasoline,Automatic,Black,Clean,UK,4200.0,183927,9900.0,Rover Range
Acura,2015,Gasoline,Automatic,Gold,Clean,Japan,2000.0,120700,14500.0,Ilx 2.0L
BMW,2016,Gasoline,Automatic,Black,Accident Reported,Germany,3000.0,113590,35000.0,X6 Sdrive35I
Porsche,2014,Gasoline,Automatic,Black,Clean,Germany,3400.0,53250,49750.0,Cayman S
Lincoln,2021,Plug-In Hybrid,Automatic,Silver,Clean,USA,2500.0,2977,49000.0,Corsair Grand
Cadillac,2008,Gasoline,Automatic,White,Clean,USA,4600.0,151527,10500.0,Dts Luxury
Cadillac,2016,Gasoline,Automatic,Red,Clean,USA,3600.0,40234,17999.0,Ats 3.6L
GMC,2016,Gasoline,Automatic,Gray,Clean,USA,5300.0,160129,27995.0,Sierra 1500
Infiniti,2009,Gasoline,Automatic,Blue,Clean,Japan,3700.0,255183,8750.0,G37 X
Ford,2023,Gasoline,Automatic,Black,Clean,USA,3500.0,32187,78499.0,Transit-350 Xlt
Cadillac,2018,Gasoline,Automatic,Silver,Accident Reported,USA,3600.0,75174,20850.0,Xts Luxury
Nissan,2017,Gasoline,Automatic,Black,Clean,Japan,5600.0,74828,41000.0,Nv Passenger
Mercedes-Benz,2019,Gasoline,Automatic,Silver,Clean,Germany,3000.0,31865,53800.0,Gls 450
Toyota,2008,Gasoline,Automatic,Black,Accident Reported,Japan,5700.0,281634,37900.0,Land Cruiser
Toyota,2016,Gasoline,Automatic,White,Clean,Japan,5700.0,98974,63500.0,Land Cruiser
RAM,2016,Gasoline,Automatic,Black,Clean,USA,3600.0,80065,65000.0,Promaster 2500
Lincoln,2011,Gasoline,Automatic,Black,Clean,USA,3500.0,134806,8995.0,Mkz
Alfa,2022,Gasoline,Automatic,Other,Clean,Italy,2900.0,3164,75900.0,Romeo Giulia
Chevrolet,2021,Gasoline,Automatic,Blue,Clean,USA,1200.0,81510,23995.0,Trailblazer Lt
Infiniti,2013,Gasoline,Automatic,White,Accident Reported,Japan,3700.0,96654,15000.0,G37 X
Maserati,2017,Gasoline,Automatic,Black,Clean,Italy,3000.0,87585,33950.0,Levante S
Toyota,2022,Gasoline,Automatic,Other,Clean,Japan,3500.0,38626,47498.0,Highlander
Nissan,2022,Gasoline,Automatic,White,Clean,Japan,5600.0,23714,50998.0,Armada Sl
Audi,2023,Hybrid,Automatic,Black,Clean,Germany,2000.0,3903,42998.0,Q5
Ford,2022,Gasoline,Automatic,Gray,Clean,USA,5200.0,3299,94999.0,Shelby Gt500
Lincoln,2019,Gasoline,Automatic,Silver,Clean,USA,3500.0,104374,46995.0,Navigator L
RAM,2022,Gasoline,Automatic,Blue,Clean,USA,5700.0,29050,47995.0,1500 Laramie
Lincoln,2004,Gasoline,Automatic,Black,Clean,USA,4600.0,58780,14900.0,Town Car
Acura,2022,Gasoline,Automatic,Silver,Clean,Japan,2000.0,23973,39998.0,Tlx W/A-Spec
Toyota,2022,Hybrid,Automatic,Black,Clean,Japan,2500.0,22608,29999.0,Camry Hybrid
Honda,2003,Gasoline,Manual,Black,Clean,Japan,2400.0,360492,3900.0,Cr-V Ex
Mercedes-Benz,2014,Gasoline,Automatic,Gray,Clean,Germany,4700.0,129682,26000.0,E-Class E
Mazda,2007,Gasoline,Manual,Red,Accident Reported,Japan,2000.0,131000,11000.0,Mx-5 Miata
Porsche,2019,Gasoline,Automatic,Gray,Clean,Germany,2000.0,10783,63000.0,718 Boxster
Ford,2015,Gasoline,Automatic,Silver,Clean,USA,3700.0,230136,22500.0,Transit-350 Xlt
Kia,2017,Gasoline,Automatic,Other,Clean,South Korea,2000.0,141368,18688.0,Sportage Sx
Infiniti,2010,Gasoline,Manual,White,Clean,Japan,3700.0,187409,16500.0,G37 S
Nissan,2019,Gasoline,Automatic,Red,Clean,Japan,5600.0,86385,27900.0,Titan Xd
Audi,2021,Hybrid,Automatic,Gray,Clean,Germany,2900.0,19312,77500.0,S7 2.9T
Land,2019,Gasoline,Automatic,Other,Clean,UK,3000.0,32242,43998.0,Rover Discovery
Ford,2020,Diesel,Automatic,Black,Clean,USA,2000.0,51499,68000.0,Transit-350 Xlt
Infiniti,2014,Gasoline,Automatic,Black,Clean,Japan,3700.0,113156,19995.0,Q70 3.7
Jeep,2022,Gasoline,Automatic,White,Clean,USA,3600.0,14153,54000.0,Gladiator Rubicon
Lincoln,2010,Gasoline,Automatic,Black,Accident Reported,USA,3500.0,251057,5900.0,Mkx
Mercedes-Benz,2018,Gasoline,Automatic,Gray,Accident Reported,Germany,3000.0,107987,34250.0,Amg C
Porsche,2014,Gasoline,Automatic,Blue,Accident Reported,Germany,2700.0,83686,37000.0,Cayman
Acura,2011,Gasoline,Automatic,White,Clean,Japan,3700.0,220801,12000.0,Mdx 3.7L
Volkswagen,2018,Gasoline,Automatic,White,Accident Reported,Germany,2000.0,57936,32000.0,Golf R
Kia,2023,Gasoline,Automatic,White,Accident Reported,South Korea,2000.0,24945,24500.0,Forte Gt-Line
BMW,2020,Gasoline,Automatic,Other,Clean,Germany,4400.0,17551,96998.0,M8 Competition
Lincoln,2019,Gasoline,Automatic,Other,Clean,USA,2000.0,80168,26545.0,Mkc Select
BMW,2015,Plug-In Hybrid,Automatic,White,Clean,Germany,1500.0,1362,86999.0,I8
Toyota,2021,Gasoline,Automatic,Blue,Clean,Japan,3500.0,107889,34645.0,Highlander
Mazda,2023,Gasoline,Automatic,Other,Clean,Japan,2500.0,4242,28535.0,Cx-30 Package
Porsche,2018,Gasoline,Automatic,White,Accident Reported,Germany,3600.0,80734,43550.0,Cayenne Platinum
Lincoln,2017,Gasoline,Automatic,Blue,Clean,USA,3000.0,60149,27500.0,Mkz Reserve
Porsche,2019,Gasoline,Automatic,Red,Accident Reported,Germany,2500.0,15289,69000.0,718 Cayman
Chevrolet,2005,Gasoline,Automatic,Red,Clean,USA,6000.0,230289,16000.0,Corvette
Acura,2002,Gasoline,Manual,Beige,Accident Reported,Japan,2000.0,128747,8500.0,Rsx Type
Porsche,2007,Gasoline,Manual,Black,Clean,Germany,3400.0,9424,45000.0,Cayman S
Audi,2022,Gasoline,Automatic,Other,Clean,Germany,4000.0,46553,74900.0,Sq7 4.0T
Honda,2021,Gasoline,Automatic,White,Clean,Japan,3500.0,23242,38500.0,Ridgeline Rtl-E
Mercedes-Benz,2005,Gasoline,Automatic,Silver,Clean,Germany,5000.0,102998,12995.0,Clk-Class 500
Lexus,2004,Gasoline,Automatic,White,Accident Reported,Japan,4700.0,247838,10000.0,Gx 470
Lexus,2015,Gasoline,Automatic,White,Clean,Japan,2000.0,86904,27000.0,Nx 200T
Dodge,2007,Gasoline,Automatic,Silver,Accident Reported,USA,3700.0,374159,6000.0,Dakota Slt
Maserati,2020,Gasoline,Automatic,Blue,Clean,Italy,3000.0,41394,52645.0,Ghibli S
Land,2020,Gasoline,Automatic,White,Clean,UK,2000.0,33679,35998.0,Rover Discovery
Audi,2022,Gasoline,Automatic,Black,Clean,Germany,2000.0,15007,33610.0,Q3 45
Ford,2020,Gasoline,Automatic,Gray,Accident Reported,USA,2300.0,98171,28616.0,Explorer Xlt
Mercedes-Benz,2018,Gasoline,Automatic,White,Clean,Germany,4000.0,115811,46900.0,Amg Glc
Subaru,2023,Gasoline,Manual,Black,Clean,Japan,2400.0,9334,29990.0,Brz
BMW,2016,Gasoline,Automatic,Black,Clean,Germany,3000.0,64502,28499.0,640 I
Kia,2020,Gasoline,Automatic,Black,Accident Reported,South Korea,3300.0,91732,36500.0,Stinger Gt2
Subaru,2004,Gasoline,Manual,Gold,Accident Reported,Japan,2500.0,196339,9999.0,Forester 2.5
Kia,2023,Gasoline,Automatic,Other,Clean,South Korea,2500.0,739,36998.0,Sportage X-Pro
BMW,2016,Gasoline,Automatic,Black,Accident Reported,Germany,3000.0,100584,40500.0,M4
Hyundai,2013,Gasoline,Automatic,Silver,Clean,South Korea,5000.0,115872,17500.0,Equus Signature
Mercedes-Benz,2020,Gasoline,Automatic,Black,Clean,Germany,3000.0,13478,69900.0,Amg E
BMW,2020,Gasoline,Automatic,Blue,Clean,Germany,4400.0,64374,53000.0,M550 I
Subaru,2014,Gasoline,Manual,Gray,Accident Reported,Japan,2500.0,123919,30000.0,Impreza Wrx
Mazda,2020,Gasoline,Automatic,Other,Clean,Japan,2500.0,57779,22966.0,Mazda6 Grand
Hyundai,2013,Gasoline,Automatic,Black,Clean,South Korea,1600.0,1287,9800.0,Veloster
Land,2023,Hybrid,Automatic,Other,Clean,UK,3000.0,9984,79998.0,Rover Defender
Kia,2020,Gasoline,Automatic,Black,Clean,South Korea,3800.0,111342,37405.0,Telluride Sx
Maserati,2015,Gasoline,Automatic,Black,Clean,Italy,4700.0,72420,41900.0,Granturismo
BMW,2020,Gasoline,Automatic,White,Clean,Germany,2000.0,60231,39998.0,540 I
Infiniti,2011,Gasoline,Automatic,Gray,Accident Reported,Japan,5600.0,220480,8500.0,M56
Chevrolet,2023,Gasoline,Automatic,Black,Accident Reported,USA,6200.0,6437,73900.0,Corvette Stingray
Audi,2023,Hybrid,Automatic,Black,Clean,Germany,2000.0,7480,47598.0,Q5 S
Lexus,2018,Gasoline,Automatic,White,Clean,Japan,4600.0,83847,38000.0,Gx 460
BMW,2014,Gasoline,Automatic,Brown,Clean,Germany,2000.0,80628,10795.0,X1 Sdrive28I
Alfa,2020,Gasoline,Automatic,White,Clean,Italy,2000.0,65983,32400.0,Romeo Stelvio
RAM,2021,Gasoline,Automatic,Black,Clean,USA,5700.0,114212,34000.0,1500 Big
BMW,2015,Gasoline,Automatic,White,Clean,Germany,3000.0,42808,53000.0,M4
Volvo,2018,Gasoline,Automatic,White,Clean,Sweden,2000.0,152887,18000.0,S90 T5
Subaru,2005,Gasoline,Manual,Black,Clean,Japan,2500.0,151278,19500.0,Impreza Wrx
BMW,2020,Gasoline,Automatic,Blue,Clean,Germany,3000.0,72543,57998.0,X6 Xdrive40I
Cadillac,2014,Gasoline,Automatic,Gold,Clean,USA,2000.0,177027,11000.0,Cts 2.0L
Land,2016,Gasoline,Automatic,Other,Clean,UK,2000.0,78991,21590.0,Rover Discovery
Genesis,2017,Gasoline,Automatic,Silver,Clean,South Korea,5000.0,102193,27500.0,G90 5.0
Mercedes-Benz,2009,Gasoline,Automatic,Black,Accident Reported,Germany,3500.0,34601,18000.0,Clk-Class Clk
Kia,2019,Gasoline,Automatic,Black,Clean,South Korea,1600.0,109702,20818.0,Optima Ex
Toyota,2018,Gasoline,Automatic,Black,Accident Reported,Japan,3500.0,86272,31853.0,Highlander
BMW,2020,Gasoline,Automatic,White,Accident Reported,Germany,2000.0,29290,29500.0,X1 Xdrive28I
Audi,2018,Gasoline,Automatic,Blue,Clean,Germany,2000.0,26393,42800.0,S3 Tech
Toyota,2022,Hybrid,Automatic,Orange,Clean,Japan,3400.0,11265,75500.0,Tundra Hybrid
Audi,2022,Gasoline,Automatic,Other,Clean,Germany,3000.0,13675,52900.0,Sq5 3.0T
Audi,2016,Gasoline,Automatic,White,Accident Reported,Germany,2000.0,109435,20000.0,A6
BMW,2007,Gasoline,Automatic,Black,Clean,Germany,3000.0,133575,8995.0,328 Xi
Audi,2018,Gasoline,Automatic,Gray,Clean,Germany,3000.0,40234,50000.0,Sq5 3.0T
Cadillac,2021,Diesel,Automatic,Other,Clean,USA,3000.0,25249,97952.0,Escalade Platinum
BMW,2014,Gasoline,Manual,Blue,Clean,Germany,3000.0,201892,17200.0,M235 I
Kia,2023,Gasoline,Automatic,Black,Clean,South Korea,3800.0,15807,50998.0,Telluride Sx
Chevrolet,2008,Gasoline,Automatic,White,Clean,USA,6000.0,231745,22000.0,Express 3500
GMC,2020,Gasoline,Automatic,White,Clean,USA,2500.0,49729,27654.0,Acadia Sle
BMW,2021,Gasoline,Automatic,Blue,Clean,Germany,2000.0,4010,41598.0,X3 Xdrive30I
Audi,2015,Gasoline,Automatic,Black,Accident Reported,Germany,2000.0,204000,14000.0,Tt
Subaru,2017,Gasoline,Automatic,Brown,Clean,Japan,3600.0,162028,20500.0,Outback 3.6R
Mitsubishi,2001,Gasoline,Automatic,Red,Clean,Japan,2400.0,145484,4495.0,Eclipse Spyder
BMW,2018,Gasoline,Automatic,Silver,Clean,Germany,4400.0,32991,67000.0,M5
Dodge,2011,Gasoline,Automatic,Black,Accident Reported,USA,5700.0,215652,10500.0,Ram 1500
Ford,2015,Plug-In Hybrid,Automatic,Blue,Accident Reported,USA,2000.0,135751,10000.0,Fusion Energi
Toyota,2022,Hybrid,Automatic,Orange,Clean,Japan,3400.0,30577,71000.0,Tundra Hybrid
Land,2015,Gasoline,Automatic,White,Clean,UK,2000.0,185959,17500.0,Rover Range
Lincoln,2009,Flex Fuel,Automatic,White,Accident Reported,USA,5400.0,308631,9750.0,Navigator
Mercedes-Benz,2017,Diesel,Automatic,Black,Clean,Germany,3000.0,200572,75000.0,Sprinter 3500
Mercedes-Benz,2019,Gasoline,Automatic,White,Clean,Germany,4000.0,27359,95000.0,Amg E
BMW,2018,Gasoline,Automatic,Black,Clean,Germany,3000.0,118286,32000.0,440 I
Acura,1998,Gasoline,Automatic,Red,Accident Reported,Japan,1800.0,193121,5500.0,Integra Ls
Audi,2019,Gasoline,Automatic,Other,Clean,Germany,3000.0,118829,36340.0,Q7 55
BMW,2014,Gasoline,Automatic,Silver,Clean,Germany,4400.0,47476,40999.0,M6
Volkswagen,2021,Gasoline,Automatic,Other,Clean,Germany,2000.0,21908,29798.0,Arteon
Infiniti,2015,Gasoline,Automatic,Silver,Clean,Japan,3700.0,230538,11500.0,Q40
BMW,2006,Gasoline,Automatic,Green,Accident Reported,Germany,3000.0,74847,11500.0,Z4 3.0I
BMW,2015,Gasoline,Automatic,Red,Clean,Germany,4400.0,30016,59549.0,M6
BMW,2019,Gasoline,Automatic,White,Clean,Germany,3000.0,58641,39998.0,X3 M40I
Kia,2014,Gasoline,Automatic,White,Clean,South Korea,2400.0,75040,15363.0,Sorento Lx
BMW,2015,Gasoline,Manual,Black,Clean,Germany,2000.0,92618,29995.0,Z4 Sdrive28I
Cadillac,2017,Gasoline,Automatic,Black,Clean,USA,6200.0,78214,60999.0,Cts-V
Ford,2020,Gasoline,Automatic,White,Clean,USA,2500.0,191511,18000.0,Transit Connect
Land,2020,Gasoline,Automatic,White,Clean,UK,5000.0,58741,72000.0,Rover Range
Lexus,2010,Gasoline,Automatic,Black,Accident Reported,Japan,2500.0,195132,13250.0,Is 250
BMW,2023,Hybrid,Automatic,Gray,Clean,Germany,3000.0,3922,78350.0,X7 Xdrive40I
Volvo,2018,Gasoline,Automatic,Gray,Accident Reported,Sweden,2000.0,177639,22000.0,Xc90 T6
Hyundai,2008,Gasoline,Automatic,Black,Clean,South Korea,2700.0,239792,3850.0,Tucson
Dodge,2021,Gasoline,Automatic,Black,Clean,USA,3600.0,23632,37995.0,Durango Gt
Mercedes-Benz,2017,Gasoline,Automatic,White,Accident Reported,Germany,3000.0,62764,39000.0,Amg C
GMC,2019,Gasoline,Automatic,White,Clean,USA,5300.0,104948,42995.0,Yukon Xl
Audi,2020,Gasoline,Automatic,Gray,Clean,Germany,4000.0,67361,91500.0,Rs Q8
Toyota,2019,Hybrid,Automatic,Gray,Clean,Japan,2500.0,86904,33000.0,Rav4 Hybrid
Alfa,2019,Gasoline,Automatic,Gray,Clean,Italy,2900.0,42648,53900.0,Romeo Stelvio
Land,2020,Gasoline,Automatic,Other,Clean,UK,2000.0,61728,36598.0,Rover Range
Alfa,2020,Gasoline,Automatic,Other,Clean,Italy,2000.0,34580,35345.0,Romeo Stelvio
Cadillac,2007,Gasoline,Automatic,Black,Clean,USA,6200.0,159325,22999.0,Escalade Ext
Ford,2019,Flex Fuel,Automatic,Black,Clean,USA,6200.0,57288,47756.0,F-250 Lariat
Nissan,2005,Gasoline,Automatic,Blue,Clean,Japan,3500.0,209708,9950.0,350Z Enthusiast
Subaru,2010,Gasoline,Automatic,Blue,Clean,Japan,2500.0,286463,7600.0,Legacy 2.5
Honda,2003,Gasoline,Automatic,White,Accident Reported,Japan,1700.0,257921,3000.0,Civic Lx
Maserati,2016,Gasoline,Automatic,Gray,Clean,Italy,3000.0,1609,36000.0,Ghibli S
Jeep,2022,Gasoline,Automatic,Other,Clean,USA,5700.0,47958,58900.0,Wagoneer Series
Maserati,2017,Gasoline,Automatic,White,Clean,Italy,3000.0,80065,27995.0,Ghibli S
Lexus,2002,Gasoline,Automatic,Silver,Clean,Japan,3000.0,194730,6348.0,Rx 300
Lincoln,2005,Gasoline,Automatic,Black,Clean,USA,4600.0,225308,2000.0,Aviator Luxury
Cadillac,2016,Gasoline,Automatic,Red,Accident Reported,USA,3600.0,99053,19998.0,Srx Luxury
Lincoln,2016,Gasoline,Automatic,Silver,Clean,USA,3500.0,61316,21000.0,Mks Ecoboost
Toyota,2010,Gasoline,Manual,Red,Clean,Japan,1500.0,222203,5000.0,Yaris
Mercedes-Benz,2019,Gasoline,Automatic,Black,Accident Reported,Germany,4000.0,64374,72000.0,Amg E
Mercedes-Benz,2022,Hybrid,Automatic,Other,Clean,Germany,3000.0,66860,71998.0,Gls 450
Hyundai,2014,Gasoline,Manual,Blue,Clean,South Korea,1600.0,205996,11000.0,Veloster Turbo
Toyota,2019,Gasoline,Automatic,Black,Clean,Japan,4000.0,77499,40368.0,4Runner
Audi,2017,Gasoline,Automatic,White,Clean,Germany,4000.0,62879,67900.0,Rs 7
Mazda,1999,Gasoline,Manual,Green,Accident Reported,Japan,1800.0,155591,12900.0,Mx-5 Miata
Mercedes-Benz,2017,Gasoline,Automatic,White,Accident Reported,Germany,3000.0,86100,33999.0,Amg C
Chevrolet,2007,Gasoline,Manual,Orange,Clean,USA,7000.0,17743,47500.0,Corvette Z06
Ford,2021,Diesel,Automatic,White,Accident Reported,USA,6700.0,70811,73000.0,F-250 King
Volkswagen,2022,Gasoline,Automatic,Blue,Clean,Germany,2000.0,17703,27900.0,Tiguan
BMW,2012,Gasoline,Automatic,Black,Clean,Germany,4400.0,165762,16000.0,750 Li
Lexus,2018,Gasoline,Automatic,Red,Clean,Japan,4600.0,102998,37300.0,Gx 460
Audi,2017,Gasoline,Automatic,Gray,Clean,Germany,3000.0,173809,25999.0,Q7 3.0T
Alfa,2018,Gasoline,Automatic,White,Accident Reported,Italy,2000.0,59618,26600.0,Romeo Stelvio
Land,2023,Hybrid,Automatic,Black,Clean,UK,3000.0,8744,95998.0,Rover Defender
BMW,2019,Gasoline,Automatic,Black,Clean,Germany,4400.0,46259,50998.0,750 I
BMW,2015,Gasoline,Automatic,White,Clean,Germany,3000.0,105895,44950.0,M3
Lexus,2011,Gasoline,Automatic,Gray,Accident Reported,Japan,2500.0,173516,11400.0,Is 250
Land,2016,Gasoline,Automatic,White,Clean,UK,2000.0,127943,19000.0,Rover Range
Lexus,2018,Gasoline,Automatic,Black,Clean,Japan,5000.0,59546,63997.0,Lc 500
GMC,2005,Gasoline,Automatic,Silver,Accident Reported,USA,5300.0,212111,5800.0,Sierra 1500
Lexus,2008,Gasoline,Automatic,Red,Clean,Japan,3500.0,234964,8995.0,Es 350
Nissan,2010,Gasoline,Manual,Silver,Clean,Japan,3700.0,46671,29000.0,370Z Nismo
Dodge,2004,Gasoline,Automatic,Black,Clean,USA,5700.0,227253,5700.0,Ram 1500
Ford,2016,Gasoline,Automatic,White,Clean,USA,3500.0,137201,19995.0,Expedition
Infiniti,2015,Gasoline,Automatic,Gray,Clean,Japan,3700.0,140027,17800.0,Qx70
Lincoln,2016,Gasoline,Automatic,Red,Clean,USA,3500.0,254276,19780.0,Navigator Select
Volvo,2020,Gasoline,Automatic,White,Clean,Sweden,2000.0,16898,36000.0,V60 Cross
Audi,2018,Gasoline,Automatic,Silver,Clean,Germany,3000.0,73777,37000.0,A7 3.0T
Ford,2021,Gasoline,Automatic,Blue,Clean,USA,1500.0,24459,31621.0,Bronco Outer
Volkswagen,2001,Gasoline,Automatic,Silver,Clean,Germany,2800.0,354055,5500.0,Eurovan Mv
Jaguar,2017,Gasoline,Automatic,Black,Clean,UK,5000.0,93342,51500.0,F-Type R
Land,2020,Hybrid,Automatic,Silver,Clean,UK,2000.0,48963,44998.0,Rover Range
RAM,2021,Gasoline,Automatic,Red,Clean,USA,5700.0,61174,45277.0,1500 Laramie
BMW,2021,Gasoline,Automatic,Black,Clean,Germany,6600.0,17828,91900.0,M760 I
Lexus,2018,Gasoline,Automatic,White,Clean,Japan,5700.0,80467,65000.0,Lx 570
Land,2019,Gasoline,Automatic,White,Clean,UK,2000.0,93342,38000.0,Rover Range
Acura,2023,Gasoline,Automatic,White,Clean,Japan,3500.0,5496,54998.0,Mdx W/Technology
Lexus,2018,Gasoline,Automatic,Black,Clean,Japan,5000.0,98170,65000.0,Lc 500
Audi,2019,Gasoline,Automatic,Gray,Accident Reported,Germany,3000.0,78053,43500.0,Sq5 3.0T
Land,2018,Gasoline,Automatic,Silver,Accident Reported,UK,2000.0,105701,34900.0,Rover Range
RAM,2020,Gasoline,Automatic,White,Clean,USA,5700.0,71394,50658.0,1500
Audi,2019,Gasoline,Automatic,Other,Clean,Germany,3000.0,29939,42900.0,S4 3.0T
Audi,2020,Hybrid,Automatic,Black,Clean,Germany,4000.0,57935,59598.0,A8 4.0
Cadillac,2021,Gasoline,Automatic,Black,Clean,USA,6200.0,12946,93000.0,Escalade Esv
Mercedes-Benz,2016,Gasoline,Automatic,Red,Clean,Germany,4000.0,15672,85500.0,Amg Gt
BMW,2009,Gasoline,Automatic,Gray,Accident Reported,Germany,4000.0,180246,28000.0,M3
Honda,2009,Gasoline,Automatic,Silver,Clean,Japan,2400.0,269243,6250.0,Accord Ex-L
Cadillac,2015,Gasoline,Automatic,Black,Accident Reported,USA,6200.0,114263,35999.0,Escalade
Acura,2020,Gasoline,Automatic,Silver,Clean,Japan,2000.0,49914,36570.0,Rdx Technology
BMW,2022,Gasoline,Automatic,Orange,Clean,Germany,2000.0,53108,29999.0,X2 Xdrive28I
Buick,2013,Flex Fuel,Automatic,Silver,Clean,USA,2400.0,109958,11995.0,Verano Convenience
RAM,2021,Gasoline,Automatic,Gray,Accident Reported,USA,6400.0,55305,48000.0,2500 Tradesman
Mercedes-Benz,2018,Gasoline,Automatic,Black,Clean,Germany,2000.0,51499,44900.0,Metris
Land,2020,Gasoline,Automatic,Other,Clean,UK,2000.0,64755,36998.0,Rover Range
Volvo,2020,Gasoline,Automatic,Black,Clean,Sweden,2000.0,36210,50000.0,Xc90 T6
Ford,2020,Gasoline,Automatic,Black,Accident Reported,USA,3500.0,94468,48999.0,Expedition King
Toyota,2006,Hybrid,Automatic,Gold,Accident Reported,Japan,3300.0,426303,5000.0,Highlander Hybrid
Toyota,2005,Gasoline,Automatic,Blue,Clean,Japan,4700.0,337157,8500.0,Tundra Sr5
Ford,2023,Gasoline,Automatic,Blue,Clean,USA,3500.0,314,87500.0,Transit-350
Chevrolet,2016,Diesel,Automatic,White,Clean,USA,6600.0,193121,19500.0,Express 3500
Jeep,2021,Hybrid,Automatic,White,Clean,USA,2000.0,54241,42998.0,Wrangler Unlimited
BMW,2023,Hybrid,Automatic,Black,Clean,Germany,3000.0,4748,87000.0,X7 Xdrive40I
Mercedes-Benz,2021,Gasoline,Automatic,Other,Clean,Germany,3000.0,28958,87500.0,Amg Gt
Toyota,2020,Gasoline,Automatic,Gray,Clean,Japan,5700.0,70974,45423.0,Tundra
BMW,2021,Gasoline,Automatic,Gray,Clean,Germany,2000.0,41711,32000.0,X1 Xdrive28I
BMW,2008,Gasoline,Automatic,White,Clean,Germany,3000.0,140013,15300.0,135 I
Mazda,2018,Gasoline,Automatic,Blue,Clean,Japan,2500.0,45597,20500.0,Mazda3 Touring
Audi,2018,Gasoline,Automatic,White,Clean,Germany,3000.0,47144,39999.0,A7 3.0T
Saturn,2008,Gasoline,Automatic,Blue,Clean,USA,2000.0,59546,14995.0,Sky Red
BMW,2005,Gasoline,Automatic,White,Clean,Germany,2500.0,222089,9950.0,Z4 2.5I
Volvo,2020,Plug-In Hybrid,Automatic,Blue,Clean,Sweden,2000.0,71595,65000.0,Xc90 Hybrid
Acura,2021,Gasoline,Automatic,Red,Clean,Japan,2000.0,27162,38781.0,Tlx A-Spec
Acura,2022,Gasoline,Automatic,Black,Clean,Japan,3500.0,48565,46598.0,Mdx W/Technology
Chevrolet,2021,Gasoline,Automatic,Black,Accident Reported,USA,6200.0,85295,67100.0,Tahoe High
Chevrolet,2022,Gasoline,Automatic,Other,Clean,USA,3600.0,51687,33299.0,Traverse Ls
BMW,2013,Gasoline,Automatic,Gold,Clean,Germany,4400.0,127687,16800.0,550 Gran
Land,2007,Gasoline,Automatic,White,Clean,UK,4400.0,354055,5750.0,Rover Range
BMW,2021,Gasoline,Automatic,Blue,Clean,Germany,2000.0,27198,43000.0,430 I
Porsche,2007,Gasoline,Manual,Black,Accident Reported,Germany,2700.0,120921,24999.0,Cayman
Ford,2021,Gasoline,Automatic,Black,Clean,USA,3500.0,60502,62595.0,Expedition Max
Mercedes-Benz,2021,Gasoline,Automatic,Black,Clean,Germany,2000.0,20553,42598.0,Glc 300
Ford,2012,Gasoline,Manual,Silver,Clean,USA,5400.0,10300,48000.0,Mustang Shelby
Nissan,2009,Gasoline,Automatic,Silver,Clean,Japan,3700.0,128575,15900.0,370Z
Toyota,2014,Gasoline,Automatic,Black,Clean,Japan,5700.0,200907,33000.0,Sequoia Platinum
Nissan,2020,Gasoline,Automatic,Black,Clean,Japan,5600.0,23099,63900.0,Nv Passenger
Ford,2022,Gasoline,Automatic,White,Clean,USA,2500.0,36991,33500.0,Transit Connect
Infiniti,2014,Gasoline,Automatic,White,Clean,Japan,5600.0,260542,18900.0,Qx80
Aston,2008,Gasoline,Automatic,White,Accident Reported,UK,4300.0,40274,39000.0,Martin Vantage
Lotus,2017,Gasoline,Manual,Silver,Clean,UK,3500.0,31624,69250.0,Evora 400
Land,2020,Gasoline,Automatic,Red,Clean,UK,2000.0,47476,45000.0,Rover Range
Nissan,2007,Gasoline,Manual,Gray,Accident Reported,Japan,4000.0,212871,6700.0,Xterra S
Dodge,2012,Gasoline,Automatic,White,Accident Reported,USA,5700.0,196339,13500.0,Charger R/T
Buick,2022,Gasoline,Automatic,White,Clean,USA,1300.0,29266,31755.0,Encore Gx
Jeep,2022,Gasoline,Automatic,Other,Clean,USA,6400.0,29657,83998.0,Grand Wagoneer
Nissan,2023,Gasoline,Manual,Yellow,Clean,Japan,3000.0,861,65990.0,Z Proto
Land,2013,Gasoline,Automatic,White,Clean,UK,5000.0,131399,15900.0,Rover Range
Porsche,2003,Gasoline,Manual,Silver,Accident Reported,Germany,3200.0,222414,22550.0,Boxster S
Bentley,2004,Gasoline,Automatic,Silver,Clean,UK,6000.0,112010,37900.0,Continental Gt
Jaguar,2018,Gasoline,Automatic,White,Clean,UK,5000.0,64213,53600.0,F-Type R
Cadillac,2021,Gasoline,Automatic,White,Clean,USA,6200.0,58741,85000.0,Escalade Esv
Audi,2018,Gasoline,Automatic,Gray,Clean,Germany,2000.0,68638,31990.0,Tt
Jeep,2020,Gasoline,Automatic,Black,Clean,USA,2000.0,110748,35297.0,Wrangler Unlimited
Audi,2016,Gasoline,Automatic,Black,Clean,Germany,4000.0,146752,29995.0,S6 4.0T
GMC,2015,Flex Fuel,Automatic,Black,Clean,USA,6000.0,187021,31900.0,Sierra 2500
Mazda,2024,Gasoline,Automatic,Other,Clean,Japan,2500.0,6244,52991.0,Cx-90
Ford,2017,Plug-In Hybrid,Automatic,Gray,Accident Reported,USA,2000.0,108601,11499.0,C-Max Energi
Cadillac,2018,Gasoline,Automatic,Black,Clean,USA,6200.0,108994,52000.0,Escalade Esv
Audi,2008,Gasoline,Manual,Black,Accident Reported,Germany,3200.0,333133,10500.0,Tt 3.2
Hyundai,2021,Gasoline,Automatic,Other,Accident Reported,South Korea,2500.0,57212,25987.0,Santa Fe
Mercedes-Benz,2016,Gasoline,Automatic,Black,Clean,Germany,5500.0,70811,46599.0,Amg Gle
Mercedes-Benz,2015,Gasoline,Automatic,White,Clean,Germany,4700.0,18103,54500.0,Sl-Class Sl
Acura,2014,Gasoline,Automatic,Green,Accident Reported,Japan,3500.0,179683,17500.0,Mdx Technology
RAM,2019,Diesel,Automatic,Other,Clean,USA,6700.0,29815,67999.0,2500 Laramie
Audi,2012,Gasoline,Automatic,Black,Clean,Germany,3000.0,166200,15500.0,A7
BMW,2023,Gasoline,Manual,Gray,Clean,Germany,3000.0,1867,73600.0,M2
RAM,2019,Gasoline,Automatic,Black,Clean,USA,5700.0,173348,34918.0,1500 Laramie
Audi,2013,Gasoline,Automatic,Brown,Clean,Germany,2000.0,179881,17000.0,Q5
Cadillac,2019,Gasoline,Automatic,Black,Accident Reported,USA,3600.0,86908,22500.0,Xts Luxury
Volkswagen,2016,Gasoline,Automatic,Gray,Accident Reported,Germany,1400.0,140013,13000.0,Jetta 1.4T
Ford,2016,Gasoline,Manual,Blue,Clean,USA,2300.0,79984,31700.0,Focus Rs
Mercedes-Benz,2017,Gasoline,Automatic,Gray,Clean,Germany,4000.0,55522,64600.0,Amg C
Ford,2021,Gasoline,Automatic,Other,Accident Reported,USA,1500.0,51063,29614.0,Bronco Big
Jeep,2021,Gasoline,Automatic,Red,Clean,USA,3600.0,11890,43663.0,Gladiator Overland
BMW,2017,Plug-In Hybrid,Automatic,Silver,Clean,Germany,2000.0,66868,20995.0,330E Iperformance
Mercedes-Benz,2018,Gasoline,Automatic,Gray,Clean,Germany,2000.0,71593,25625.0,Glc 300
Acura,2013,Gasoline,Automatic,Black,Clean,Japan,3700.0,33394,33000.0,Mdx 3.7L
Genesis,2022,Gasoline,Automatic,Green,Clean,South Korea,3300.0,19312,41000.0,G70 3.3T
Lexus,2021,Gasoline,Automatic,Black,Clean,Japan,5700.0,22862,98000.0,Lx 570
Jeep,2022,Gasoline,Automatic,Gray,Clean,USA,3600.0,51016,43500.0,Grand Cherokee
Hyundai,2022,Plug-In Hybrid,Automatic,Blue,Accident Reported,South Korea,1600.0,20992,24999.0,Ioniq Plug-In
Kia,2009,Gasoline,Automatic,Gold,Clean,South Korea,2700.0,162109,6975.0,Sportage Lx
BMW,2023,Plug-In Hybrid,Automatic,Blue,Clean,Germany,3000.0,8591,76500.0,X5 Phev
Ford,2014,Gasoline,Automatic,White,Clean,USA,5400.0,137034,23598.0,Expedition El
BMW,2018,Gasoline,Automatic,Gray,Clean,Germany,4400.0,77717,67250.0,X6 M
Volkswagen,2001,Gasoline,Automatic,Blue,Clean,Germany,2800.0,180064,14000.0,Eurovan Mv
Rolls-Royce,2010,Gasoline,Automatic,Silver,Clean,UK,6600.0,127138,69000.0,Ghost
Lincoln,2016,Gasoline,Automatic,Gray,Clean,USA,3500.0,201168,26500.0,Navigator Reserve
Mercedes-Benz,2022,Gasoline,Automatic,Black,Accident Reported,Germany,2000.0,22172,39777.0,Gla 250
RAM,2022,Gasoline,Automatic,Black,Clean,USA,3600.0,24011,41741.0,1500 Big
Jeep,2022,Gasoline,Automatic,Black,Clean,USA,3600.0,23540,56740.0,Grand Cherokee
Volvo,2010,Gasoline,Automatic,Brown,Clean,Sweden,3200.0,144921,5800.0,S80 3.2
Subaru,2014,Gasoline,Manual,Blue,Accident Reported,Japan,2000.0,72420,25000.0,Brz
Chevrolet,1998,Gasoline,Automatic,Red,Clean,USA,5700.0,12337,39500.0,Corvette
Hummer,2006,Gasoline,Automatic,Red,Clean,USA,6000.0,144680,29994.0,H2 Sut
Ford,2011,Gasoline,Automatic,Black,Accident Reported,USA,3700.0,212433,10999.0,Edge
GMC,2010,Gasoline,Automatic,Red,Clean,USA,2400.0,52548,6500.0,Terrain Slt
Jeep,2022,Gasoline,Automatic,Black,Clean,USA,3600.0,17967,37500.0,Grand Cherokee
BMW,2020,Gasoline,Automatic,Silver,Clean,Germany,3000.0,36460,63999.0,M4
Chevrolet,2021,Gasoline,Manual,Black,Clean,USA,3600.0,16576,29900.0,Camaro 1Lt
BMW,2018,Gasoline,Automatic,Blue,Clean,Germany,4400.0,77248,54000.0,X6 M
Mercedes-Benz,2007,Gasoline,Automatic,Silver,Accident Reported,Germany,5500.0,222089,10000.0,Clk-Class 550
RAM,2022,Gasoline,Automatic,Red,Clean,USA,6200.0,38718,81900.0,1500 Trx
Audi,2016,Gasoline,Automatic,Gray,Clean,Germany,4000.0,50694,67000.0,Rs 7
Porsche,2020,Gasoline,Automatic,Other,Clean,Germany,3000.0,31706,55998.0,Macan S
Genesis,2022,Gasoline,Automatic,White,Clean,South Korea,3500.0,16415,50500.0,Gv70 3.5T
Aston,2008,Gasoline,Manual,Red,Accident Reported,UK,4300.0,100387,33995.0,Martin Vantage
Nissan,2006,Gasoline,Manual,Silver,Clean,Japan,3500.0,135506,10200.0,350Z Touring
Toyota,2013,Flex Fuel,Automatic,White,Accident Reported,Japan,5700.0,223215,18800.0,Sequoia Sr5
Chevrolet,2021,Gasoline,Automatic,Gray,Clean,USA,5300.0,66063,62900.0,Tahoe Premier
Jeep,2020,Gasoline,Automatic,Other,Clean,USA,2400.0,63073,24590.0,Compass
BMW,2022,Gasoline,Automatic,Black,Clean,Germany,2000.0,12485,47998.0,430 430I
Ford,2021,Gasoline,Automatic,Other,Clean,USA,1500.0,50942,33410.0,Bronco Outer
Mercedes-Benz,2017,Gasoline,Automatic,White,Accident Reported,Germany,4000.0,101388,42000.0,Amg C
Volvo,2005,Gasoline,Manual,Red,Clean,Sweden,2500.0,414727,3550.0,S40 T5
Mercedes-Benz,2017,Gasoline,Automatic,White,Accident Reported,Germany,3500.0,91732,29500.0,Gle 350
Chevrolet,2017,Gasoline,Automatic,Gray,Clean,USA,5300.0,143231,29999.0,Silverado 1500
Chevrolet,2015,Gasoline,Automatic,Black,Clean,USA,5300.0,216456,28000.0,Tahoe Ltz
Acura,2022,Gasoline,Automatic,Black,Clean,Japan,3500.0,25580,47950.0,Mdx Technology
Genesis,2022,Gasoline,Automatic,White,Clean,South Korea,2500.0,32700,44249.0,Gv70 2.5T
Pontiac,1999,Gasoline,Automatic,White,Accident Reported,USA,3800.0,254276,2500.0,Firebird
Lexus,2021,Gasoline,Automatic,Black,Clean,Japan,4600.0,65832,51998.0,Gx 460
BMW,2020,Gasoline,Automatic,Blue,Clean,Germany,4400.0,54314,85998.0,Alpina B7
BMW,2023,Gasoline,Automatic,Gray,Clean,Germany,3000.0,1802,92900.0,M4 Competition
Jeep,2021,Gasoline,Automatic,Silver,Clean,USA,3600.0,41984,38383.0,Grand Cherokee
Kia,2022,Gasoline,Automatic,Silver,Accident Reported,South Korea,2000.0,24060,24000.0,Forte Gt-Line
Kia,2018,Gasoline,Automatic,Other,Clean,South Korea,2000.0,76389,14699.0,Forte Lx
RAM,2021,Gasoline,Automatic,White,Clean,USA,3600.0,29773,41950.0,Promaster 3500
Volkswagen,2021,Gasoline,Automatic,Black,Clean,Germany,3600.0,39583,38322.0,Atlas Cross
Hyundai,2021,Gasoline,Automatic,Other,Clean,South Korea,2500.0,4675,27599.0,Santa Fe
Jaguar,2015,Gasoline,Automatic,Brown,Accident Reported,UK,3000.0,114730,21000.0,Xf 3.0
Audi,2022,Hybrid,Automatic,Gray,Clean,Germany,3000.0,24140,63000.0,A7 55
Infiniti,2017,Gasoline,Automatic,Gray,Clean,Japan,2000.0,60994,22000.0,Qx30
Mercedes-Benz,2019,Gasoline,Automatic,Black,Clean,Germany,3000.0,52304,43500.0,Amg C
Mitsubishi,2003,Gasoline,Manual,Blue,Accident Reported,Japan,2000.0,98960,28000.0,Lancer Evolution
Jeep,2013,Gasoline,Automatic,Other,Clean,USA,3600.0,124940,24590.0,Wrangler Unlimited
Audi,2015,Diesel,Automatic,Black,Accident Reported,Germany,2000.0,133575,18999.0,A3 2.0
Volkswagen,2002,Gasoline,Manual,Black,Clean,Germany,2800.0,196018,4300.0,Jetta Glx
BMW,2020,Gasoline,Automatic,Black,Clean,Germany,4400.0,105978,68998.0,Alpina B7
Mercedes-Benz,2014,Gasoline,Automatic,White,Clean,Germany,2000.0,134082,15000.0,Cla-Class Cla
Lexus,2015,Hybrid,Automatic,Black,Accident Reported,Japan,1800.0,162543,16500.0,Ct 200H
Toyota,2022,Gasoline,Automatic,Gray,Clean,Japan,3400.0,47189,44999.0,Tundra Sr5
Mercedes-Benz,2019,Gasoline,Automatic,White,Clean,Germany,2000.0,38463,35999.0,Slc 300
Mercedes-Benz,2016,Gasoline,Automatic,Black,Accident Reported,Germany,4000.0,65202,47999.0,Amg C
Ford,2020,Gasoline,Automatic,Gray,Clean,USA,3500.0,108656,36994.0,F-150 Xlt
Mazda,2010,Gasoline,Automatic,Silver,Clean,Japan,3700.0,249448,8300.0,Cx-9 Grand
Honda,2019,Gasoline,Automatic,Black,Clean,Japan,3500.0,43449,35557.0,Ridgeline Rtl-E
MINI,2009,Gasoline,Manual,Gold,Clean,UK,1600.0,221445,6880.0,Cooper S
Nissan,2005,Gasoline,Automatic,Black,Clean,Japan,3500.0,201972,3950.0,Murano Sl
Nissan,2011,Gasoline,Automatic,White,Clean,Japan,1600.0,221257,3200.0,Juke Sv
Ford,2019,Gasoline,Automatic,Gray,Clean,USA,3500.0,108630,40500.0,Expedition Max
Ford,2020,Gasoline,Automatic,Gray,Accident Reported,USA,3500.0,83686,53722.0,Expedition Max
Chevrolet,2017,Gasoline,Automatic,Black,Accident Reported,USA,5300.0,314402,26000.0,Suburban Lt
BMW,2019,Gasoline,Automatic,Black,Accident Reported,Germany,6600.0,23828,81330.0,M760 I
Genesis,2022,Gasoline,Automatic,White,Accident Reported,South Korea,2500.0,17703,48950.0,Gv70 2.5T
Chevrolet,2011,Flex Fuel,Automatic,Red,Accident Reported,USA,5300.0,148912,18500.0,Tahoe Lt
Dodge,2017,Gasoline,Automatic,White,Accident Reported,USA,3600.0,56077,30000.0,Durango Gt
Porsche,2018,Gasoline,Automatic,Red,Clean,Germany,2500.0,26200,85500.0,718 Cayman
Porsche,2011,Gasoline,Automatic,Red,Clean,Germany,2900.0,123919,32000.0,Cayman
Porsche,2010,Gasoline,Automatic,Black,Accident Reported,Germany,4800.0,101388,38500.0,Panamera Turbo
Lexus,2016,Gasoline,Automatic,White,Clean,Japan,3500.0,63891,25500.0,Es 350
Kia,2013,Hybrid,Automatic,Silver,Accident Reported,South Korea,2400.0,165941,9200.0,Optima Hybrid
Land,2019,Gasoline,Automatic,Black,Clean,UK,2000.0,122144,35998.0,Rover Range
Jaguar,2017,Gasoline,Automatic,Gray,Clean,UK,3000.0,88514,34000.0,Xf S
Lexus,2005,Gasoline,Automatic,Silver,Accident Reported,Japan,4700.0,183465,13450.0,Gx 470
Mercedes-Benz,2011,Gasoline,Automatic,Black,Clean,Germany,5500.0,128947,17500.0,Gl-Class Gl
RAM,2023,Gasoline,Automatic,Red,Clean,USA,5700.0,6896,65688.0,1500 Longhorn
Toyota,2017,Hybrid,Automatic,Other,Clean,Japan,3500.0,54796,37999.0,Highlander Hybrid
GMC,1996,Gasoline,Automatic,White,Clean,USA,7400.0,152887,25000.0,Suburban 2500
BMW,2019,Gasoline,Automatic,White,Clean,Germany,3000.0,31060,36000.0,M240 I
Cadillac,2009,Flex Fuel,Automatic,Red,Accident Reported,USA,6200.0,249448,16900.0,Escalade Ext
Scion,2010,Gasoline,Automatic,Gray,Accident Reported,Japan,2400.0,193137,6500.0,Tc Release
Kia,2012,Gasoline,Automatic,White,Clean,South Korea,2400.0,245457,10900.0,Optima Ex
Porsche,2015,Gasoline,Automatic,Black,Clean,Germany,4800.0,75639,50000.0,Panamera Turbo
Genesis,2023,Gasoline,Automatic,Green,Clean,South Korea,2000.0,3293,43499.0,G70
Chevrolet,2021,Gasoline,Automatic,Black,Accident Reported,USA,1200.0,40177,22995.0,Trailblazer Ls
Toyota,2005,Gasoline,Automatic,Beige,Clean,Japan,2400.0,173809,7850.0,Camry
Toyota,2015,Gasoline,Automatic,Red,Clean,Japan,3500.0,122310,18300.0,Sienna
Porsche,2014,Gasoline,Automatic,Black,Clean,Germany,3800.0,48280,78500.0,911 Carrera
Volvo,2015,Gasoline,Automatic,Blue,Clean,Sweden,3000.0,95387,29900.0,V60 T6
BMW,2017,Plug-In Hybrid,Automatic,Blue,Accident Reported,Germany,2000.0,84490,24950.0,330E Iperformance
FIAT,2017,Gasoline,Manual,Gray,Accident Reported,Italy,1400.0,72420,22500.0,124 Spider
Dodge,2002,Gasoline,Automatic,Black,Accident Reported,USA,5900.0,288072,6500.0,Ram 1500
Toyota,2023,Gasoline,Manual,Gray,Clean,Japan,3000.0,2414,84900.0,Supra A91-Mt
BMW,2022,Hybrid,Automatic,Gray,Clean,Germany,3000.0,62235,66998.0,X7 Xdrive40I
Jeep,2007,Gasoline,Automatic,Black,Clean,USA,3800.0,218009,15750.0,Wrangler Unlimited
MINI,2014,Gasoline,Automatic,White,Clean,UK,1600.0,127138,17000.0,Countryman Cooper
Nissan,2012,Gasoline,Automatic,Black,Accident Reported,Japan,3500.0,68009,17000.0,Maxima Sv
Toyota,2006,Gasoline,Automatic,Blue,Accident Reported,Japan,3300.0,257317,6500.0,Camry Solara
Maserati,2023,Hybrid,Automatic,Black,Clean,Italy,2000.0,3541,75000.0,Grecale Modena
Lexus,2022,Hybrid,Automatic,White,Clean,Japan,3500.0,25481,52000.0,Rx 450H
BMW,2013,Gasoline,Automatic,Black,Accident Reported,Germany,2000.0,154497,13500.0,328 I
BMW,2009,Gasoline,Automatic,Gray,Clean,Germany,3000.0,117321,15500.0,135 I
BMW,2021,Gasoline,Automatic,Gray,Clean,Germany,4400.0,11460,94998.0,X7 M50I
Hyundai,2023,Hybrid,Automatic,White,Clean,South Korea,1600.0,5475,44000.0,Tucson Hybrid
Volvo,2013,Gasoline,Automatic,Silver,Clean,Sweden,2500.0,117482,13900.0,C30 T5
BMW,2021,Hybrid,Automatic,Blue,Clean,Germany,3000.0,48777,63598.0,X7 Xdrive40I
BMW,2016,Gasoline,Automatic,Black,Clean,Germany,3000.0,117482,23999.0,740 I
Ford,2019,Gasoline,Automatic,Other,Clean,USA,2000.0,42591,24998.0,Edge
Volkswagen,2020,Gasoline,Automatic,Black,Accident Reported,Germany,2000.0,43243,34645.0,Arteon R-Line
Honda,2004,Gasoline,Automatic,Blue,Accident Reported,Japan,3500.0,296119,10500.0,Pilot Ex
RAM,2022,Gasoline,Automatic,Red,Clean,USA,6400.0,2092,48000.0,2500 Tradesman
Jeep,2018,Gasoline,Automatic,White,Clean,USA,3600.0,80345,26500.0,Grand Cherokee
GMC,2019,Gasoline,Automatic,Red,Clean,USA,6200.0,58783,57850.0,Yukon Denali
BMW,2015,Gasoline,Automatic,Silver,Clean,Germany,4400.0,59546,45950.0,M6
Acura,2017,Gasoline,Automatic,Gray,Accident Reported,Japan,3500.0,128561,24840.0,Mdx W/Advance
Volkswagen,2016,Gasoline,Automatic,Blue,Accident Reported,Germany,1800.0,48280,19000.0,Beetle 1.8T
Ford,2012,Gasoline,Manual,Silver,Clean,USA,5000.0,169785,19000.0,Mustang Gt
BMW,2019,Gasoline,Automatic,Black,Clean,Germany,4400.0,50142,65998.0,X7 Xdrive50I
Kia,2019,Gasoline,Automatic,Other,Accident Reported,South Korea,3300.0,138732,20708.0,Sorento Lx
BMW,2014,Gasoline,Automatic,Gray,Accident Reported,Germany,3000.0,129087,17995.0,435 I
Aston,2010,Gasoline,Automatic,Silver,Clean,UK,4700.0,41828,69995.0,Martin Vantage
Mercedes-Benz,2008,Gasoline,Automatic,Black,Clean,Germany,3500.0,117482,8400.0,Clk-Class Clk
BMW,2018,Gasoline,Automatic,Black,Clean,Germany,3000.0,65965,35000.0,740 I
Dodge,2010,Gasoline,Manual,Red,Clean,USA,2000.0,165249,6000.0,Caliber Express
Acura,2010,Gasoline,Automatic,Black,Accident Reported,Japan,3700.0,197949,13888.0,Zdx
Jeep,2005,Gasoline,Automatic,Black,Accident Reported,USA,4000.0,258943,7200.0,Wrangler X
BMW,2011,Gasoline,Manual,Silver,Accident Reported,Germany,4000.0,168981,21900.0,M3
Kia,2023,Plug-In Hybrid,Automatic,Black,Clean,South Korea,1600.0,2157,41000.0,Sportage Plug-In
BMW,2011,Gasoline,Automatic,Gray,Clean,Germany,4000.0,116318,34950.0,M3
Jeep,2023,Hybrid,Automatic,Gray,Clean,USA,3600.0,11265,46000.0,Wrangler Rubicon
Ford,2020,Gasoline,Automatic,White,Clean,USA,2300.0,107850,28590.0,Explorer Xlt
BMW,2018,Gasoline,Automatic,Black,Accident Reported,Germany,3000.0,31543,62000.0,M4
Cadillac,2015,Gasoline,Automatic,Black,Clean,USA,6200.0,160768,26950.0,Escalade Luxury
Mercedes-Benz,2014,Gasoline,Automatic,White,Clean,Germany,4700.0,205191,29000.0,Sl-Class Sl
Ford,2021,Gasoline,Automatic,Gray,Clean,USA,3500.0,38370,59203.0,Expedition
BMW,2014,Gasoline,Automatic,Black,Clean,Germany,4400.0,105492,39985.0,M6
Ford,2022,Gasoline,Automatic,Gray,Accident Reported,USA,2700.0,25106,68995.0,Bronco Wildtrak
Lexus,2021,Gasoline,Automatic,White,Clean,Japan,5000.0,36049,81900.0,Lc 500
Lexus,2015,Gasoline,Automatic,White,Clean,Japan,4600.0,143473,31900.0,Ls 460
BMW,2023,Gasoline,Automatic,Blue,Clean,Germany,3000.0,24140,81000.0,M4
Audi,2018,Gasoline,Automatic,Blue,Clean,Germany,2000.0,79662,25000.0,A3 Tech
Volkswagen,2015,Gasoline,Manual,Gray,Clean,Germany,2000.0,137413,15550.0,Golf Gti
Hyundai,2018,Gasoline,Automatic,Other,Clean,South Korea,2000.0,106419,19190.0,Tucson
Toyota,2023,Gasoline,Manual,White,Clean,Japan,2400.0,1730,35000.0,Gr86
Hyundai,2021,Gasoline,Automatic,Black,Clean,South Korea,2500.0,40234,28500.0,Santa Fe
Nissan,2017,Gasoline,Automatic,Black,Clean,Japan,5600.0,148059,20900.0,Armada Platinum
Lexus,2008,Gasoline,Automatic,White,Accident Reported,Japan,4700.0,198753,14500.0,Gx 470
Cadillac,2013,Gasoline,Automatic,Black,Accident Reported,USA,3600.0,168981,12000.0,Cts
Audi,2008,Gasoline,Manual,Black,Clean,Germany,4200.0,78858,63000.0,R8
Jaguar,2020,Gasoline,Automatic,Black,Clean,UK,3000.0,45636,47598.0,F-Pace S
Chevrolet,2018,Flex Fuel,Automatic,Red,Clean,USA,4300.0,130357,32000.0,Silverado 1500
Ford,2021,Gasoline,Automatic,Gray,Clean,USA,3500.0,72420,52000.0,Expedition
Toyota,2011,Flex Fuel,Automatic,Black,Accident Reported,Japan,5700.0,279150,16000.0,Sequoia Platinum
Audi,2019,Hybrid,Automatic,Silver,Clean,Germany,3000.0,150312,42500.0,A8 L
Toyota,2015,Gasoline,Automatic,White,Clean,Japan,3500.0,144841,18200.0,Avalon
Porsche,2017,Gasoline,Automatic,Gray,Clean,Germany,2000.0,65339,32000.0,Macan
Lexus,2023,Gasoline,Automatic,Gray,Clean,Japan,3500.0,32382,47124.0,Is 350
Lexus,2011,Gasoline,Automatic,Silver,Accident Reported,Japan,3500.0,301671,10400.0,Rx 350
Toyota,2021,Gasoline,Automatic,Gray,Clean,Japan,3000.0,10300,68000.0,Supra A91
Mercedes-Benz,2017,Gasoline,Automatic,White,Clean,Germany,3000.0,87709,37995.0,Amg C
BMW,2017,Gasoline,Automatic,Red,Accident Reported,Germany,4400.0,126333,42000.0,X6 Xdrive50I
Chevrolet,2018,Gasoline,Automatic,Silver,Clean,USA,5300.0,120700,36000.0,Tahoe Lt
Ford,2014,Gasoline,Automatic,Red,Accident Reported,USA,6200.0,144821,42500.0,F-150 Svt
Subaru,2005,Gasoline,Automatic,Gold,Clean,Japan,3000.0,172199,7100.0,Outback 3.0
Alfa,2019,Gasoline,Automatic,White,Clean,Italy,2000.0,34440,28500.0,Romeo Giulia
Mazda,2007,Gasoline,Automatic,White,Clean,Japan,2300.0,133817,6950.0,Cx-7 Grand
Ford,2018,Diesel,Automatic,Black,Accident Reported,USA,3000.0,148059,36500.0,F-150 Platinum
Mercedes-Benz,2021,Gasoline,Automatic,Other,Clean,Germany,2000.0,24208,54599.0,Gle 350
Audi,2017,Gasoline,Automatic,Black,Accident Reported,Germany,3000.0,62764,35000.0,A7 3.0T
RAM,2017,Gasoline,Automatic,Brown,Accident Reported,USA,6400.0,108603,46500.0,2500 Laramie
Audi,2017,Gasoline,Automatic,Black,Clean,Germany,4000.0,87387,53500.0,S8 4.0T
Hyundai,2022,Hybrid,Automatic,Gray,Clean,South Korea,2000.0,49189,29000.0,Sonata Hybrid
Audi,2016,Gasoline,Automatic,Black,Accident Reported,Germany,4000.0,229598,22000.0,A8 L
Ford,2009,Gasoline,Automatic,Blue,Accident Reported,USA,4000.0,267472,6999.0,Ranger Supercab
Infiniti,2015,Hybrid,Automatic,Gray,Accident Reported,Japan,3500.0,143194,19977.0,Q50 Hybrid
BMW,2011,Gasoline,Automatic,White,Clean,Germany,4000.0,184897,20990.0,M3
Mercedes-Benz,2009,Gasoline,Automatic,Black,Accident Reported,Germany,3500.0,275197,4750.0,E-Class E
Ford,2019,Gasoline,Automatic,Black,Clean,USA,3500.0,144948,28590.0,Explorer
Chevrolet,2014,Gasoline,Automatic,Black,Accident Reported,USA,3600.0,157038,15000.0,Camaro 1Lt
Mazda,2017,Gasoline,Manual,Black,Accident Reported,Japan,2000.0,83686,20500.0,Mx-5 Miata
Jeep,2021,Gasoline,Automatic,Other,Clean,USA,3600.0,41791,38405.0,Grand Cherokee
MINI,2016,Gasoline,Automatic,Silver,Clean,UK,2000.0,67077,17495.0,Hardtop Cooper
Saab,2002,Gasoline,Manual,Black,Clean,Sweden,2000.0,124241,7500.0,9-3
BMW,2019,Gasoline,Automatic,Blue,Clean,Germany,3000.0,80467,43000.0,X5 Xdrive40I
Porsche,2021,Gasoline,Automatic,White,Clean,Germany,2000.0,34783,58998.0,Macan
Audi,2022,Gasoline,Automatic,Other,Clean,Germany,2000.0,27966,39998.0,Q3 S
Audi,2005,Gasoline,Manual,Blue,Accident Reported,Germany,2700.0,246229,6500.0,Allroad 2.7T
Mercury,2004,Gasoline,Automatic,Silver,Clean,USA,4600.0,91089,23000.0,Marauder
Hyundai,2015,Gasoline,Automatic,White,Accident Reported,South Korea,3800.0,187668,12700.0,Genesis 3.8
Audi,2018,Gasoline,Automatic,Blue,Accident Reported,Germany,3000.0,115872,30000.0,Sq5 3.0T
Audi,2019,Hybrid,Automatic,Black,Clean,Germany,3000.0,62764,50000.0,A8 L
Lincoln,2008,Gasoline,Automatic,Gold,Clean,USA,5400.0,239792,10099.0,Navigator
BMW,2018,Gasoline,Manual,White,Clean,Germany,3000.0,31060,64000.0,M4
Mazda,2021,Gasoline,Automatic,Gray,Clean,Japan,2500.0,44798,36969.0,Cx-9 Carbon
Chevrolet,2023,Gasoline,Automatic,Black,Clean,USA,6200.0,5267,78999.0,Corvette Stingray
Ford,2017,Gasoline,Automatic,White,Clean,USA,3500.0,119653,36000.0,F-150 Lariat
Ford,2019,Diesel,Automatic,White,Accident Reported,USA,6700.0,136794,55000.0,F-250 Lariat
Mercedes-Benz,2017,Gasoline,Automatic,Black,Accident Reported,Germany,3000.0,74191,33000.0,Gls 450
Hyundai,2019,Gasoline,Automatic,Silver,Clean,South Korea,2400.0,79662,28000.0,Santa Fe
Mercedes-Benz,2012,Gasoline,Automatic,Black,Clean,Germany,3500.0,50099,23500.0,E-Class E
Ford,2008,Diesel,Automatic,Blue,Accident Reported,USA,6400.0,240532,12240.0,F-250 Xlt
Mercury,2003,Gasoline,Automatic,Blue,Accident Reported,USA,4600.0,144841,15500.0,Marauder
Ford,2021,Flex Fuel,Automatic,White,Clean,USA,3500.0,77248,57000.0,Transit-350 Xlt
Mercedes-Benz,2013,Gasoline,Automatic,White,Accident Reported,Germany,3500.0,157715,15500.0,C-Class C
Volkswagen,2022,Gasoline,Automatic,Other,Clean,Germany,2000.0,30022,38698.0,Arteon R-Line
Chevrolet,2006,Gasoline,Automatic,Brown,Accident Reported,USA,8100.0,96560,24950.0,Suburban 2500
Chevrolet,2014,Flex Fuel,Automatic,Purple,Clean,USA,5300.0,272783,15000.0,Suburban 1500
Mitsubishi,2008,Gasoline,Manual,Red,Clean,Japan,2400.0,304970,6000.0,Eclipse Gs
Toyota,2016,Gasoline,Automatic,Black,Clean,Japan,5700.0,146450,68500.0,Land Cruiser
Genesis,2022,Gasoline,Automatic,Other,Clean,South Korea,2500.0,11903,41299.0,G80 2.5T
Toyota,2004,Gasoline,Automatic,Gray,Clean,Japan,4700.0,369263,8250.0,Tundra Sr5
Audi,2014,Gasoline,Automatic,White,Accident Reported,Germany,4200.0,79015,44900.0,Rs 5
Nissan,2022,Gasoline,Automatic,Gray,Clean,Japan,1500.0,34137,28906.0,Rogue S
Porsche,2010,Gasoline,Automatic,Silver,Clean,Germany,4800.0,100975,28600.0,Panamera 4S
BMW,2021,Hybrid,Automatic,Gray,Clean,Germany,3000.0,39107,49999.0,M440 I
Cadillac,2010,Flex Fuel,Automatic,Gray,Clean,USA,6200.0,167371,19500.0,Escalade
Volvo,2020,Gasoline,Automatic,White,Accident Reported,Sweden,2000.0,74432,27800.0,S60 T6
Mazda,2023,Gasoline,Automatic,Black,Accident Reported,Japan,2500.0,3106,40655.0,Cx-9 Touring
Chrysler,2022,Hybrid,Automatic,White,Clean,USA,3600.0,98965,35850.0,Pacifica Hybrid
Jeep,2020,Gasoline,Automatic,Black,Clean,USA,2000.0,38689,35273.0,Wrangler Unlimited
Toyota,2001,Gasoline,Automatic,Beige,Clean,Japan,3000.0,372693,4300.0,Highlander
Ford,2019,Gasoline,Automatic,Gray,Clean,USA,3500.0,130357,38500.0,F-150 Lariat
Land,2022,Gasoline,Automatic,Other,Clean,UK,2000.0,37929,44998.0,Rover Discovery
Mazda,2020,Gasoline,Automatic,White,Clean,Japan,2500.0,126655,18000.0,Mazda6 Touring
Kia,2015,Gasoline,Automatic,Red,Accident Reported,South Korea,2400.0,176351,11900.0,Optima Ex
Lexus,2009,Gasoline,Automatic,Gray,Accident Reported,Japan,3500.0,286463,4500.0,Rx 350
Mitsubishi,2016,Gasoline,Automatic,Black,Clean,Japan,2400.0,211134,11970.0,Outlander 2.4
Mercedes-Benz,2017,Gasoline,Automatic,White,Clean,Germany,3000.0,170590,25900.0,Gls 450
Audi,2019,Gasoline,Automatic,Gray,Accident Reported,Germany,2000.0,45401,27500.0,A3
Audi,2015,Flex Fuel,Automatic,Silver,Clean,Germany,2000.0,147099,14998.0,A4
Mercedes-Benz,2016,Gasoline,Automatic,Black,Accident Reported,Germany,2000.0,142588,16800.0,Cla-Class Cla
Kia,2021,Gasoline,Automatic,White,Clean,South Korea,1600.0,17951,28998.0,K5 Ex
BMW,2018,Plug-In Hybrid,Automatic,Gray,Accident Reported,Germany,2000.0,72565,30750.0,X5 Edrive
Mercedes-Benz,2003,Gasoline,Automatic,Red,Accident Reported,Germany,2300.0,53546,11900.0,Slk-Class Slk230
Jeep,2003,Gasoline,Manual,Red,Clean,USA,2400.0,114263,12499.0,Wrangler
Land,2012,Gasoline,Automatic,Black,Clean,UK,5000.0,227762,14490.0,Rover Lr4
Jaguar,2007,Gasoline,Automatic,Black,Accident Reported,UK,4200.0,80467,21900.0,Xkr
BMW,2020,Gasoline,Manual,Orange,Clean,Germany,3000.0,46896,71995.0,M4
BMW,2022,Hybrid,Automatic,White,Clean,Germany,3000.0,14484,56900.0,M340 I
Mercedes-Benz,2021,Hybrid,Automatic,Other,Clean,Germany,3000.0,9004,83598.0,Amg Gle
RAM,2022,Gasoline,Automatic,Gray,Clean,USA,5700.0,54912,48190.0,1500 Laramie
BMW,2013,Gasoline,Automatic,Black,Clean,Germany,4400.0,59143,35999.0,Alpina B7
Mercedes-Benz,2007,Gasoline,Automatic,White,Clean,Germany,3000.0,79865,12000.0,C-Class C280
Jeep,2017,Gasoline,Automatic,White,Accident Reported,USA,2400.0,72420,16500.0,Compass High
Toyota,2019,Hybrid,Automatic,Black,Clean,Japan,3500.0,111608,36000.0,Highlander Hybrid
BMW,2023,Gasoline,Manual,Other,Clean,Germany,3000.0,6608,84645.0,M3
BMW,1999,Gasoline,Manual,Blue,Clean,Germany,3200.0,297245,36950.0,M3
Maserati,2018,Gasoline,Automatic,White,Clean,Italy,3000.0,92537,41900.0,Quattroporte S
Acura,2021,Gasoline,Automatic,Black,Clean,Japan,2000.0,46671,39650.0,Rdx Advance
Mercedes-Benz,2015,Gasoline,Automatic,Gray,Accident Reported,Germany,2000.0,99256,19000.0,Gla-Class Gla
Mercedes-Benz,2021,Diesel,Automatic,White,Clean,Germany,3000.0,53591,45000.0,Sprinter 3500Xd
Cadillac,2014,Gasoline,Automatic,Silver,Accident Reported,USA,3600.0,101308,17498.0,Xts Luxury
Chevrolet,2015,Gasoline,Automatic,Silver,Clean,USA,3600.0,91209,19750.0,Camaro 2Lt
Porsche,2013,Gasoline,Automatic,Green,Clean,Germany,4800.0,148059,23000.0,Cayenne S
Dodge,2005,Gasoline,Automatic,Gray,Accident Reported,USA,5700.0,154497,12000.0,Magnum R/T
Infiniti,2014,Gasoline,Automatic,Black,Clean,Japan,3700.0,53913,23000.0,Q70 3.7X
Toyota,2007,Hybrid,Automatic,Silver,Accident Reported,Japan,2400.0,85696,9250.0,Camry Hybrid
GMC,2016,Gasoline,Automatic,Gold,Clean,USA,3600.0,191511,12500.0,Acadia Slt-1
Lincoln,2021,Gasoline,Automatic,Black,Clean,USA,2000.0,47212,36999.0,Corsair Reserve
RAM,2017,Diesel,Automatic,Gray,Accident Reported,USA,6700.0,138403,41000.0,2500 Slt
RAM,2014,Diesel,Automatic,Black,Accident Reported,USA,6700.0,284853,40500.0,3500 Laramie
Mercedes-Benz,2013,Gasoline,Automatic,Black,Accident Reported,Germany,4600.0,150473,15900.0,Gl-Class Gl
BMW,2018,Gasoline,Automatic,Red,Accident Reported,Germany,4400.0,76766,54999.0,M5
Acura,2022,Gasoline,Automatic,Gray,Clean,Japan,2400.0,25943,26599.0,Ilx Package
Buick,2005,Gasoline,Automatic,White,Accident Reported,USA,4200.0,237521,2800.0,Rainier Cxl
Cadillac,2013,Flex Fuel,Automatic,Black,Accident Reported,USA,6200.0,153805,22000.0,Escalade Luxury
Mercedes-Benz,2018,Gasoline,Automatic,Gray,Clean,Germany,4000.0,73693,52000.0,S-Class S
Infiniti,2016,Gasoline,Automatic,Silver,Accident Reported,Japan,5600.0,96560,25950.0,Qx80
Buick,2019,Gasoline,Automatic,White,Clean,USA,1400.0,80467,18795.0,Encore Preferred
Mercedes-Benz,2019,Gasoline,Automatic,Black,Clean,Germany,3000.0,53882,43999.0,Gls 450
Jeep,2010,Gasoline,Automatic,Gray,Clean,USA,3700.0,172199,5900.0,Liberty
Mercedes-Benz,2011,Gasoline,Automatic,White,Accident Reported,Germany,5500.0,96560,37000.0,S-Class S
Audi,2016,Gasoline,Automatic,White,Clean,Germany,3000.0,88514,28000.0,A8 L
Mazda,2022,Gasoline,Automatic,Black,Clean,Japan,2500.0,6444,25500.0,Cx-30 2.5
Volkswagen,2016,Gasoline,Manual,Blue,Clean,Germany,2000.0,75871,29950.0,Golf R
Hyundai,2011,Gasoline,Automatic,Gray,Accident Reported,South Korea,3800.0,266272,4000.0,Genesis Coupe
Ford,2018,Gasoline,Automatic,White,Accident Reported,USA,3500.0,157715,25500.0,F-150 Xlt
Hyundai,2020,Gasoline,Automatic,Other,Clean,South Korea,2400.0,64234,22749.0,Tucson
Ford,2013,Gasoline,Automatic,Blue,Accident Reported,USA,3700.0,236880,12990.0,Mustang
BMW,2014,Gasoline,Automatic,Silver,Clean,Germany,3000.0,86261,25980.0,435 I
Porsche,2013,Gasoline,Automatic,Brown,Clean,Germany,2700.0,65661,35500.0,Boxster
Porsche,2018,Gasoline,Automatic,Other,Accident Reported,Germany,2000.0,59220,49500.0,Macan
Ford,2010,Gasoline,Automatic,Red,Accident Reported,USA,4600.0,140817,14900.0,Mustang Gt
Chevrolet,2020,Gasoline,Automatic,Black,Clean,USA,5300.0,149669,38500.0,Suburban Lt
Mercedes-Benz,2018,Gasoline,Automatic,Black,Clean,Germany,2000.0,66812,28251.0,C-Class C
RAM,2019,Flex Fuel,Automatic,Black,Accident Reported,USA,3600.0,30577,33242.0,1500 Classic
Toyota,2023,Hybrid,Automatic,Green,Accident Reported,Japan,3400.0,2477,76373.0,Sequoia Sr5
BMW,2018,Gasoline,Automatic,Green,Accident Reported,Germany,4400.0,50034,68000.0,M5
Mazda,2022,Gasoline,Automatic,Red,Clean,Japan,2500.0,34924,25099.0,Mazda3 Fwd
Nissan,2016,Gasoline,Automatic,Gray,Accident Reported,Japan,2500.0,157274,15998.0,Rogue Sl
Audi,2015,Diesel,Automatic,White,Clean,Germany,3000.0,117482,34000.0,A7 3.0T
Genesis,2020,Gasoline,Automatic,Blue,Clean,South Korea,3800.0,37980,31900.0,G80 3.8
BMW,2019,Gasoline,Automatic,Blue,Clean,Germany,4400.0,32991,67900.0,M6 Gran
Ford,2013,Gasoline,Manual,Black,Accident Reported,USA,3700.0,93200,18750.0,Mustang
BMW,2009,Gasoline,Automatic,Black,Clean,Germany,4800.0,56327,18500.0,650 I
Kia,2022,Gasoline,Automatic,Green,Clean,South Korea,3800.0,23619,46787.0,Telluride Ex
Lincoln,2022,Gasoline,Automatic,White,Clean,USA,3500.0,22128,79999.0,Navigator Reserve
Mercedes-Benz,2015,Gasoline,Automatic,Black,Clean,Germany,4700.0,21404,62500.0,S-Class S
Chevrolet,2017,Gasoline,Automatic,Blue,Clean,USA,6000.0,188293,27000.0,Suburban Lt
Audi,2020,Hybrid,Automatic,White,Clean,Germany,3000.0,43613,50000.0,A7 55
Ford,2017,Gasoline,Automatic,White,Accident Reported,USA,2300.0,143798,20989.0,Mustang Ecoboost
Chevrolet,2018,Gasoline,Automatic,White,Accident Reported,USA,1400.0,160934,8500.0,Cruze Ls
Land,2020,Hybrid,Automatic,Silver,Clean,UK,3000.0,25749,75500.0,Rover Range
Land,2023,Gasoline,Automatic,White,Clean,UK,2000.0,24462,62999.0,Rover Defender
BMW,2012,Gasoline,Manual,White,Clean,Germany,4400.0,64309,38995.0,650 I
Ford,2008,Gasoline,Automatic,White,Accident Reported,USA,4000.0,191511,13500.0,Mustang
Kia,2022,Gasoline,Automatic,Other,Clean,South Korea,1600.0,17656,29998.0,K5 Gt-Line
Mazda,2014,Gasoline,Manual,Silver,Accident Reported,Japan,2000.0,190707,11500.0,Mazda3 I
Kia,2021,Gasoline,Automatic,Black,Clean,South Korea,3300.0,13338,45899.0,Stinger Gt1
Chevrolet,2023,Gasoline,Automatic,Red,Clean,USA,6200.0,4748,74500.0,Camaro Zl1
Mercedes-Benz,2017,Gasoline,Automatic,White,Accident Reported,Germany,5500.0,117482,78000.0,Amg G
Ford,2005,Gasoline,Automatic,Gold,Clean,USA,3900.0,131966,14900.0,Thunderbird
GMC,2017,Gasoline,Automatic,White,Clean,USA,6200.0,79027,39750.0,Sierra 1500
Kia,2023,Gasoline,Automatic,Silver,Clean,South Korea,3800.0,8851,40000.0,Telluride Lx
Chevrolet,2005,Gasoline,Manual,Blue,Clean,USA,6000.0,59063,26000.0,Corvette
BMW,2014,Gasoline,Automatic,White,Clean,Germany,4400.0,64374,34000.0,650 I
GMC,2015,Gasoline,Automatic,Gray,Clean,USA,3600.0,120482,19780.0,Acadia Denali
Cadillac,2021,Gasoline,Automatic,Black,Clean,USA,6200.0,24703,93500.0,Escalade Luxury
Nissan,2010,Gasoline,Automatic,Blue,Clean,Japan,3800.0,74191,72999.0,Gt-R
Toyota,2018,Gasoline,Automatic,Silver,Clean,Japan,3500.0,98900,31000.0,Highlander
BMW,2020,Gasoline,Automatic,Blue,Clean,Germany,3000.0,72808,54500.0,X7 Xdrive40I
Infiniti,2018,Gasoline,Automatic,Black,Clean,Japan,3500.0,77248,27000.0,Qx60
Lexus,2010,Gasoline,Manual,Black,Clean,Japan,2500.0,110240,18500.0,Is 250C
GMC,2019,Gasoline,Automatic,Black,Clean,USA,5300.0,69898,51899.0,Sierra 1500
Chevrolet,2005,Gasoline,Automatic,Other,Clean,USA,6000.0,197886,20995.0,Ssr
Dodge,2014,Gasoline,Automatic,Gray,Clean,USA,5700.0,149445,19750.0,Challenger R/T
Hyundai,2016,Gasoline,Automatic,White,Clean,South Korea,5000.0,115872,21400.0,Equus Signature
Ford,2003,Gasoline,Automatic,Gray,Clean,USA,4600.0,133575,10500.0,Mustang Gt
Toyota,2023,Hybrid,Automatic,Brown,Clean,Japan,3400.0,13197,78900.0,Sequoia
Jeep,2022,Gasoline,Automatic,Black,Clean,USA,3600.0,20720,42599.0,Grand Cherokee
Maserati,2015,Gasoline,Automatic,Beige,Clean,Italy,4700.0,51499,36000.0,Granturismo
BMW,2013,Gasoline,Automatic,White,Accident Reported,Germany,4400.0,98403,37500.0,M5
Mercedes-Benz,2022,Gasoline,Automatic,Other,Clean,Germany,2000.0,15469,43900.0,C-Class 4Matic
Ford,2011,Gasoline,Automatic,Brown,Clean,USA,3500.0,244620,14000.0,F-150 Lariat
Audi,2012,Gasoline,Automatic,White,Clean,Germany,2000.0,208517,7000.0,A4
BMW,2019,Gasoline,Automatic,Gray,Accident Reported,Germany,3000.0,57936,41995.0,540 I
BMW,2009,Gasoline,Automatic,White,Clean,Germany,3000.0,148072,12500.0,X6 Xdrive35I
Ford,1998,Gasoline,Automatic,White,Clean,USA,3800.0,102837,10300.0,Mustang
Toyota,2012,Gasoline,Automatic,Black,Clean,Japan,5700.0,242849,17500.0,Sequoia
Land,2018,Gasoline,Automatic,White,Clean,UK,5000.0,61187,63998.0,Rover Range
Audi,2021,Hybrid,Automatic,Silver,Clean,Germany,3000.0,23738,61059.0,Q8 55
Subaru,2015,Gasoline,Manual,Gray,Clean,Japan,2000.0,84490,23000.0,Wrx
Chevrolet,2017,Gasoline,Automatic,Black,Accident Reported,USA,5300.0,334052,21000.0,Suburban Lt
Infiniti,2020,Gasoline,Automatic,Gray,Clean,Japan,3500.0,62764,29900.0,Qx60 Pure
Infiniti,2017,Gasoline,Automatic,Black,Clean,Japan,3500.0,150473,16000.0,Qx60
BMW,2018,Gasoline,Automatic,Black,Clean,Germany,3000.0,11587,64000.0,M4
Land,2023,Hybrid,Automatic,Black,Clean,UK,3000.0,13552,90000.0,Rover Defender
BMW,2020,Gasoline,Automatic,Other,Clean,Germany,4400.0,41070,84900.0,M8
Mercedes-Benz,2011,Gasoline,Automatic,Red,Accident Reported,Germany,5500.0,66488,30999.0,Sl-Class Sl
Land,2020,Gasoline,Automatic,White,Accident Reported,UK,5000.0,80304,64500.0,Rover Range
Ford,2012,Flex Fuel,Automatic,Blue,Clean,USA,3000.0,299769,4500.0,Escape Xlt
Lexus,2016,Gasoline,Automatic,Silver,Accident Reported,Japan,3500.0,82615,25995.0,Es 350
RAM,2022,Gasoline,Automatic,White,Clean,USA,5700.0,31183,45861.0,1500 Big
Mitsubishi,2006,Gasoline,Manual,Silver,Clean,Japan,2000.0,123919,57000.0,Lancer Evolution
Acura,2013,Gasoline,Automatic,Blue,Clean,Japan,3500.0,64374,24000.0,Tl Technology
Cadillac,2012,Gasoline,Automatic,White,Clean,USA,3000.0,181855,10000.0,Cts Luxury
Chevrolet,2022,Gasoline,Manual,Gray,Accident Reported,USA,6200.0,12231,46000.0,Camaro 1Ss
Toyota,2022,Hybrid,Automatic,White,Clean,Japan,2500.0,32831,29900.0,Camry Hybrid
Ford,2019,Gasoline,Automatic,White,Clean,USA,3500.0,185074,39000.0,Transit-350 Xlt
Lexus,2012,Hybrid,Automatic,Black,Clean,Japan,3500.0,384632,7000.0,Rx 450H
Jaguar,2014,Gasoline,Automatic,Black,Clean,UK,3000.0,100091,32998.0,F-Type S
Jeep,2020,Gasoline,Automatic,Black,Clean,USA,3600.0,35628,38598.0,Wrangler Sahara
Porsche,2017,Gasoline,Automatic,Blue,Clean,Germany,2500.0,78697,62500.0,718 Boxster
Lincoln,2016,Gasoline,Automatic,Silver,Accident Reported,USA,3700.0,109757,16750.0,Mkz
Chevrolet,2001,Gasoline,Automatic,Red,Clean,USA,4300.0,223698,7000.0,S-10 Ls
Lexus,2022,Gasoline,Automatic,Black,Clean,Japan,3500.0,23062,54998.0,Rx 350
BMW,2019,Gasoline,Automatic,Blue,Accident Reported,Germany,4400.0,67441,45999.0,750 I
Chevrolet,2016,Gasoline,Automatic,Black,Clean,USA,6200.0,263932,21500.0,Camaro 2Ss
Ford,2013,Hybrid,Automatic,Blue,Clean,USA,2000.0,260605,7945.0,Fusion Hybrid
Hyundai,2022,Gasoline,Automatic,Other,Clean,South Korea,2500.0,36740,34580.0,Santa Cruz
Lexus,2023,Gasoline,Automatic,White,Clean,Japan,2400.0,8824,59950.0,Rx 350
Land,2020,Gasoline,Automatic,Gray,Accident Reported,UK,2000.0,75464,31000.0,Rover Range
Chevrolet,2019,Gasoline,Automatic,Blue,Accident Reported,USA,5300.0,115872,39000.0,Suburban Lt
Chevrolet,2021,Gasoline,Automatic,White,Accident Reported,USA,3600.0,28968,30000.0,Camaro 1Lt
Jeep,2021,Gasoline,Automatic,Other,Clean,USA,3600.0,49294,39998.0,Gladiator Freedom
GMC,2023,Gasoline,Automatic,White,Clean,USA,6200.0,16058,93999.0,Yukon Denali
Ford,2018,Gasoline,Manual,Blue,Accident Reported,USA,5200.0,29773,77999.0,Shelby Gt350R
Cadillac,2021,Gasoline,Automatic,Other,Clean,USA,6200.0,117229,79990.0,Escalade Luxury
Buick,2017,Gasoline,Automatic,Black,Clean,USA,3600.0,108630,20000.0,Lacrosse
Mercedes-Benz,2017,Gasoline,Automatic,Gray,Clean,Germany,2000.0,59385,28500.0,E-Class E
Chevrolet,2017,Flex Fuel,Automatic,Silver,Accident Reported,USA,5300.0,99328,39998.0,Tahoe Lt
Kia,2022,Gasoline,Automatic,White,Clean,South Korea,3800.0,57836,43329.0,Telluride Ex
Toyota,2023,Hybrid,Automatic,Black,Clean,Japan,3400.0,17297,63100.0,Tundra Hybrid
Nissan,2018,Gasoline,Automatic,White,Accident Reported,Japan,5600.0,174140,26498.0,Armada Platinum
Land,2020,Diesel,Automatic,Other,Clean,UK,3000.0,52633,46598.0,Rover Discovery
Kia,2020,Gasoline,Automatic,Other,Clean,South Korea,3800.0,119133,32913.0,Telluride S
Lexus,2020,Gasoline,Automatic,White,Clean,Japan,3500.0,39672,45950.0,Gs 350
BMW,2022,Hybrid,Automatic,Gray,Clean,Germany,3000.0,20921,69000.0,X6 Xdrive40I
Chevrolet,2015,Diesel,Automatic,Black,Clean,USA,6600.0,124724,54000.0,Silverado 3500
Maserati,2007,Gasoline,Automatic,Black,Accident Reported,Italy,4200.0,131966,7999.0,Quattroporte Gt
Ford,2021,Gasoline,Automatic,Gray,Clean,USA,3500.0,48007,55329.0,Expedition
Kia,2019,Gasoline,Automatic,White,Clean,South Korea,2400.0,100841,16500.0,Optima Lx
Land,2018,Gasoline,Automatic,Silver,Clean,UK,5000.0,90133,59000.0,Rover Range
Lexus,2021,Hybrid,Automatic,Beige,Clean,Japan,3500.0,50477,52998.0,Rx 450H
Lincoln,2004,Gasoline,Automatic,Black,Clean,USA,4600.0,44418,14900.0,Town Car
Honda,2012,Gasoline,Manual,White,Clean,Japan,2400.0,76033,19600.0,Civic Si
Lexus,2017,Hybrid,Automatic,White,Clean,Japan,3500.0,119007,31990.0,Rx 450H
RAM,2019,Flex Fuel,Automatic,Black,Clean,USA,3600.0,59155,31953.0,1500 Classic
Audi,2023,Gasoline,Automatic,Gray,Clean,Germany,2500.0,3058,78900.0,Rs 3
Hyundai,2014,Gasoline,Manual,Black,Accident Reported,South Korea,3800.0,83782,15000.0,Genesis Coupe
Porsche,2008,Gasoline,Manual,Silver,Clean,Germany,3400.0,93342,41500.0,Boxster Rs
Ford,2010,Diesel,Manual,Other,Clean,USA,6400.0,84082,26095.0,F-250 Xlt
Kia,2016,Gasoline,Automatic,White,Clean,South Korea,2000.0,103464,16999.0,Sorento Ex
Nissan,2009,Gasoline,Manual,Silver,Clean,Japan,3700.0,60350,21500.0,370Z Touring
Genesis,2023,Gasoline,Automatic,White,Clean,South Korea,2000.0,3413,40750.0,G70
Land,2013,Gasoline,Automatic,White,Clean,UK,5000.0,91732,26000.0,Rover Range
Mercedes-Benz,2020,Gasoline,Automatic,White,Clean,Germany,4000.0,35405,69500.0,S-Class S
Ford,2023,Gasoline,Automatic,Black,Clean,USA,2700.0,3219,66500.0,Bronco Wildtrak
RAM,2018,Flex Fuel,Automatic,Black,Clean,USA,3600.0,99460,32000.0,1500 Slt
Jeep,2013,Flex Fuel,Automatic,Black,Clean,USA,3600.0,171717,13500.0,Grand Cherokee
Audi,2013,Gasoline,Automatic,White,Accident Reported,Germany,4200.0,122254,35999.0,Rs 5
Jeep,2022,Gasoline,Automatic,Silver,Accident Reported,USA,3600.0,51183,48995.0,Grand Cherokee
Chrysler,2005,Gasoline,Automatic,Gray,Accident Reported,USA,3200.0,187198,6000.0,Crossfire
Audi,2011,Gasoline,Manual,Black,Accident Reported,Germany,4200.0,252465,9900.0,S5 4.2
Cadillac,2020,Gasoline,Automatic,Blue,Clean,USA,2000.0,56649,28500.0,Ct4 Luxury
Maserati,2014,Gasoline,Automatic,Black,Clean,Italy,3000.0,122310,19000.0,Ghibli S
Jaguar,2019,Gasoline,Automatic,White,Clean,UK,2000.0,46671,34500.0,F-Pace 25T
BMW,2019,Gasoline,Automatic,Gray,Accident Reported,Germany,4400.0,53911,44495.0,750 I
Acura,2019,Gasoline,Automatic,White,Accident Reported,Japan,3500.0,41487,30999.0,Tlx Advance
GMC,2015,Gasoline,Automatic,Gray,Accident Reported,USA,2400.0,122786,9500.0,Terrain Slt-1
Nissan,2011,Gasoline,Automatic,Blue,Clean,Japan,1800.0,176870,4500.0,Versa 1.8
Mercedes-Benz,2019,Gasoline,Automatic,White,Clean,Germany,2000.0,37148,33500.0,C-Class C
Toyota,2003,Gasoline,Manual,Black,Clean,Japan,1800.0,231101,4199.0,Matrix Xrs
RAM,2021,Gasoline,Automatic,Black,Clean,USA,5700.0,35405,54800.0,1500
Mercedes-Benz,2022,Hybrid,Automatic,Silver,Clean,Germany,3000.0,20921,81500.0,Amg E
Audi,2018,Gasoline,Automatic,White,Accident Reported,Germany,2000.0,85295,28000.0,A5
Lincoln,2019,Gasoline,Automatic,Beige,Clean,USA,3500.0,72003,52999.0,Navigator Reserve
Audi,2008,Gasoline,Automatic,Blue,Accident Reported,Germany,3200.0,325087,5700.0,A6 3.2
Chevrolet,2006,Gasoline,Automatic,Black,Accident Reported,USA,6000.0,346008,6995.0,Silverado 1500
Mercedes-Benz,2019,Gasoline,Automatic,Other,Clean,Germany,4000.0,124141,49998.0,S-Class S
Volvo,2018,Gasoline,Automatic,White,Clean,Sweden,2000.0,145872,25999.0,Xc90 T6
Toyota,2011,Gasoline,Automatic,Gray,Accident Reported,Japan,2500.0,285983,7700.0,Camry
Mercedes-Benz,2018,Gasoline,Automatic,Black,Clean,Germany,2000.0,93905,29497.0,Metris
Chevrolet,2010,Gasoline,Automatic,Black,Accident Reported,USA,3600.0,138677,17000.0,Camaro 2Lt
Mazda,2012,Gasoline,Manual,Blue,Accident Reported,Japan,2000.0,58850,20199.0,Mx-5 Miata
Ford,2015,Gasoline,Automatic,White,Clean,USA,1600.0,87479,16250.0,Escape
Mercedes-Benz,2015,Gasoline,Automatic,Black,Accident Reported,Germany,5500.0,32821,59598.0,S-Class S
Kia,2023,Hybrid,Automatic,White,Clean,South Korea,1600.0,12196,31113.0,Niro Ex
Porsche,2010,Gasoline,Manual,Gray,Accident Reported,Germany,2900.0,104285,20900.0,Boxster
Toyota,2016,Gasoline,Automatic,Gray,Clean,Japan,4000.0,189548,27750.0,4Runner Trail
Land,2016,Gasoline,Automatic,Black,Clean,UK,2000.0,138728,18750.0,Rover Range
Ford,2012,Flex Fuel,Automatic,White,Clean,USA,5400.0,262322,19550.0,E350 Super
Mercedes-Benz,2004,Gasoline,Automatic,Black,Clean,Germany,5000.0,56971,24900.0,Sl-Class Sl500
Jeep,2018,Gasoline,Automatic,Gray,Clean,USA,2400.0,49890,22000.0,Compass Trailhawk
Mercedes-Benz,2018,Gasoline,Automatic,Other,Clean,Germany,4000.0,165873,40998.0,S-Class S
Lexus,2010,Gasoline,Automatic,Blue,Accident Reported,Japan,5000.0,66788,44800.0,Is-F
BMW,2010,Gasoline,Automatic,Black,Clean,Germany,3000.0,147327,13000.0,335 I
Buick,2006,Gasoline,Automatic,Gold,Clean,USA,4600.0,177027,5000.0,Lucerne Cxl
Lincoln,2016,Gasoline,Automatic,Black,Clean,USA,2700.0,141622,18500.0,Mkx Reserve
Nissan,2018,Gasoline,Automatic,Blue,Clean,Japan,5600.0,68933,37000.0,Armada Platinum
BMW,2015,Gasoline,Automatic,Blue,Clean,Germany,3000.0,96721,24995.0,435 Gran
Jeep,2022,Gasoline,Automatic,Red,Clean,USA,5700.0,27972,69685.0,Wagoneer Series
Cadillac,2013,Gasoline,Automatic,Black,Accident Reported,USA,2500.0,101665,12995.0,Ats 2.5L
Ford,2010,Gasoline,Automatic,White,Accident Reported,USA,2000.0,115872,10900.0,Transit Connect
Toyota,2018,Gasoline,Automatic,Black,Clean,Japan,5700.0,82076,38000.0,Tundra Sr
Jeep,2013,Gasoline,Automatic,Green,Clean,USA,3600.0,87709,35000.0,Wrangler Unlimited
Maserati,2006,Gasoline,Automatic,Gray,Clean,Italy,4200.0,99522,16500.0,Quattroporte
GMC,2002,Diesel,Automatic,Black,Accident Reported,USA,6600.0,482802,5000.0,Sierra 3500
Nissan,2011,Gasoline,Automatic,Gray,Accident Reported,Japan,4000.0,166406,17000.0,Frontier Sl
Land,2023,Hybrid,Automatic,White,Clean,UK,3000.0,5919,81998.0,Rover Defender
Ford,2016,Flex Fuel,Automatic,White,Accident Reported,USA,5000.0,172199,22000.0,F-150 Xl
Porsche,2010,Gasoline,Manual,Black,Clean,Germany,3800.0,22289,71400.0,911 Carrera
Chrysler,2021,Gasoline,Automatic,Other,Clean,USA,3600.0,34565,27798.0,300 Touring
Honda,2020,Hybrid,Automatic,White,Accident Reported,Japan,1500.0,103320,20499.0,Insight Ex
Porsche,2006,Gasoline,Automatic,Black,Clean,Germany,3400.0,50010,36250.0,Cayman S
BMW,2020,Gasoline,Automatic,Orange,Clean,Germany,4400.0,56971,71950.0,M5 Competition
Audi,2004,Gasoline,Manual,Silver,Clean,Germany,4200.0,119139,16000.0,S4 4.2
Ford,2021,Diesel,Automatic,Blue,Clean,USA,6700.0,78132,69998.0,F-250 Platinum
Kia,2023,Gasoline,Automatic,White,Clean,South Korea,2000.0,8340,32500.0,Seltos S
RAM,2019,Gasoline,Automatic,White,Accident Reported,USA,3600.0,50986,33500.0,Promaster 2500
BMW,2020,Gasoline,Automatic,White,Clean,Germany,6600.0,37707,80998.0,M760 M760I
Mercedes-Benz,2015,Gasoline,Automatic,White,Accident Reported,Germany,3000.0,48763,29000.0,E-Class E
Cadillac,2016,Gasoline,Automatic,Blue,Accident Reported,USA,3600.0,180246,14599.0,Xts Luxury
Infiniti,2014,Gasoline,Automatic,Black,Accident Reported,Japan,3700.0,204959,19990.0,Q50
Volkswagen,2017,Gasoline,Automatic,Red,Accident Reported,Germany,3600.0,81433,28890.0,Touareg Executive
Chevrolet,2011,Flex Fuel,Automatic,Black,Clean,USA,5300.0,312212,9950.0,Suburban 1500
Toyota,2021,Gasoline,Automatic,Green,Clean,Japan,5700.0,53840,44750.0,Tundra Sr5
BMW,2022,Gasoline,Automatic,Gray,Clean,Germany,2000.0,69202,35750.0,X1 Sdrive28I
Mercedes-Benz,2016,Gasoline,Automatic,Black,Clean,Germany,4700.0,74194,35300.0,Gl-Class Gl
Cadillac,2019,Gasoline,Automatic,Black,Clean,USA,3600.0,94951,21000.0,Xts Luxury
Jaguar,2004,Gasoline,Automatic,Black,Accident Reported,UK,4200.0,215652,9500.0,Xj8
Mercedes-Benz,2012,Diesel,Automatic,White,Accident Reported,Germany,3000.0,161328,24000.0,Sprinter 2500
Mercedes-Benz,2022,Gasoline,Automatic,Other,Clean,Germany,2000.0,13813,42999.0,C-Class C
Dodge,2003,Gasoline,Automatic,Red,Accident Reported,USA,4700.0,228204,5700.0,Dakota Slt
Audi,2012,Gasoline,Automatic,White,Clean,Germany,2000.0,123919,13800.0,A5
Audi,2018,Gasoline,Automatic,Other,Accident Reported,Germany,2000.0,107882,31500.0,A5
Audi,2012,Gasoline,Automatic,White,Clean,Germany,3000.0,98894,19500.0,S5 3.0
Porsche,2015,Gasoline,Automatic,Black,Clean,Germany,4800.0,63569,52590.0,Panamera Gts
Chevrolet,2023,Gasoline,Manual,Red,Clean,USA,6200.0,3701,51500.0,Camaro 2Ss
Audi,2023,Hybrid,Automatic,Black,Clean,Germany,3000.0,17061,61998.0,Q7
Maserati,2018,Gasoline,Automatic,Red,Clean,Italy,4700.0,28968,67000.0,Granturismo Mc
GMC,2022,Gasoline,Automatic,Other,Accident Reported,USA,6600.0,50986,67963.0,Sierra 2500
Cadillac,2020,Gasoline,Automatic,Other,Accident Reported,USA,3600.0,38808,49427.0,Xt6
Chevrolet,2012,Flex Fuel,Automatic,Black,Clean,USA,5300.0,238182,18000.0,Avalanche 1500
BMW,2018,Gasoline,Automatic,White,Clean,Germany,4400.0,65983,60200.0,M5
Nissan,2009,Flex Fuel,Automatic,Brown,Clean,Japan,5600.0,205352,19500.0,Titan
Dodge,2005,Gasoline,Automatic,Red,Accident Reported,USA,8300.0,222813,19000.0,Ram 1500
GMC,2013,Flex Fuel,Automatic,White,Clean,USA,5300.0,370148,15500.0,Sierra 1500
Lexus,2017,Gasoline,Automatic,Black,Clean,Japan,3500.0,86339,33000.0,Rx 350
Mercedes-Benz,2012,Gasoline,Automatic,Black,Accident Reported,Germany,4600.0,280025,11999.0,Gl-Class Gl
Infiniti,2022,Gasoline,Automatic,Black,Accident Reported,Japan,5600.0,80242,47645.0,Qx80 Luxe
Mercedes-Benz,2021,Gasoline,Automatic,Blue,Clean,Germany,4000.0,21967,75000.0,Amg C
BMW,2016,Gasoline,Automatic,Brown,Accident Reported,Germany,2000.0,215652,13500.0,528 I
Porsche,2014,Gasoline,Automatic,Brown,Clean,Germany,3400.0,125529,68000.0,911 Carrera
Porsche,2005,Gasoline,Automatic,Blue,Clean,Germany,3200.0,105814,21750.0,Boxster S
BMW,2021,Gasoline,Automatic,Black,Clean,Germany,4400.0,28968,94000.0,X6 M
Ford,2007,Gasoline,Automatic,White,Clean,USA,4000.0,195744,9450.0,Mustang
Volvo,2022,Hybrid,Automatic,Black,Clean,Sweden,2000.0,15141,61999.0,Xc90 Recharge
BMW,2016,Gasoline,Automatic,White,Clean,Germany,2000.0,193121,16000.0,528 I
Cadillac,2016,Gasoline,Automatic,White,Clean,USA,6200.0,271335,29500.0,Escalade Esv
Chevrolet,2004,Gasoline,Manual,Gray,Clean,USA,5700.0,70336,25900.0,Corvette
Audi,2013,Gasoline,Automatic,Blue,Clean,Germany,2000.0,178637,11500.0,A5
Audi,2012,Gasoline,Automatic,Silver,Clean,Germany,2000.0,103881,17000.0,Tt
Buick,2007,Gasoline,Automatic,Red,Clean,USA,3800.0,85295,6500.0,Lacrosse Cx
Chevrolet,2017,Gasoline,Automatic,White,Clean,USA,6200.0,21670,44900.0,Camaro 2Ss
BMW,2015,Gasoline,Manual,Gray,Clean,Germany,3000.0,119091,40000.0,M3
Kia,2011,Gasoline,Automatic,Red,Accident Reported,South Korea,2400.0,161467,6900.0,Optima Lx
Toyota,2022,Gasoline,Automatic,Black,Clean,Japan,3000.0,39992,53568.0,Supra 3.0
Lincoln,2021,Gasoline,Automatic,Other,Clean,USA,2000.0,28110,43860.0,Nautilus Reserve
Nissan,2015,Gasoline,Automatic,Gray,Clean,Japan,3500.0,185074,11995.0,Pathfinder Sl
BMW,2015,Gasoline,Automatic,Black,Accident Reported,Germany,4400.0,115872,26500.0,X5 Xdrive50I
Mazda,2008,Gasoline,Manual,Black,Accident Reported,Japan,2300.0,260713,6500.0,Mazdaspeed3 Grand
GMC,2017,Gasoline,Automatic,Black,Clean,USA,5300.0,76587,45500.0,Yukon Xl
RAM,2018,Gasoline,Automatic,White,Clean,USA,3600.0,16639,36990.0,Promaster 2500
RAM,2021,Gasoline,Automatic,Blue,Clean,USA,3600.0,51647,35113.0,1500 Classic
Lexus,2014,Gasoline,Automatic,Gray,Accident Reported,Japan,3500.0,137236,23998.0,Gs 350
Hyundai,2016,Gasoline,Automatic,Brown,Clean,South Korea,1600.0,222089,10990.0,Tucson
Chevrolet,2003,Gasoline,Automatic,Red,Clean,USA,5300.0,140817,16999.0,Ssr
Maserati,2013,Gasoline,Automatic,Gray,Clean,Italy,4700.0,56198,38900.0,Granturismo
BMW,2018,Gasoline,Automatic,Black,Clean,Germany,3000.0,40234,52000.0,M2
Subaru,2015,Gasoline,Automatic,Gray,Clean,Japan,2500.0,260713,13999.0,Outback 2.5I
Buick,1996,Gasoline,Automatic,White,Accident Reported,USA,5700.0,192316,16999.0,Roadmaster Estate
Land,2017,Gasoline,Automatic,Silver,Clean,UK,5000.0,163831,36500.0,Rover Range
Ford,2021,Gasoline,Automatic,Blue,Clean,USA,3500.0,135749,42691.0,Expedition Max
Toyota,2019,Gasoline,Automatic,Other,Clean,Japan,3500.0,65497,42886.0,Tacoma Trd
BMW,2019,Gasoline,Automatic,Blue,Accident Reported,Germany,2000.0,48280,29000.0,230 I
Lexus,2007,Gasoline,Automatic,Silver,Accident Reported,Japan,3500.0,127106,10600.0,Es 350
Maserati,2023,Gasoline,Automatic,Blue,Clean,Italy,3000.0,8705,88950.0,Levante Modena
Dodge,2020,Gasoline,Automatic,Black,Accident Reported,USA,6200.0,20439,69900.0,Challenger Srt
Audi,2019,Gasoline,Automatic,Black,Clean,Germany,3000.0,19312,48000.0,S4 3.0T
Ford,2016,Gasoline,Manual,Black,Clean,USA,5000.0,41387,33900.0,Mustang Gt
Audi,2011,Gasoline,Automatic,Orange,Accident Reported,Germany,2000.0,112171,23000.0,Tts
BMW,2020,Gasoline,Automatic,Black,Clean,Germany,3000.0,40254,55000.0,M2 Competition
BMW,2016,Gasoline,Automatic,Gray,Clean,Germany,3000.0,93244,27500.0,740 I
Mercedes-Benz,2018,Gasoline,Automatic,Gray,Clean,Germany,3000.0,84803,49999.0,Amg Gle
Mercedes-Benz,2015,Gasoline,Automatic,White,Clean,Germany,4700.0,86904,37000.0,S-Class S
Honda,2002,Gasoline,Manual,Yellow,Clean,Japan,2000.0,177832,27000.0,S2000
Chevrolet,2000,Gasoline,Manual,Yellow,Clean,USA,5700.0,156911,10000.0,Corvette
Chevrolet,2020,Gasoline,Automatic,Red,Clean,USA,3600.0,33650,35387.0,Colorado Z71
Mercedes-Benz,2013,Gasoline,Automatic,Silver,Clean,Germany,5500.0,124962,40000.0,S-Class S
Bentley,2013,Gasoline,Automatic,Black,Clean,UK,6000.0,127817,64000.0,Continental Gtc
GMC,2002,Gasoline,Automatic,Silver,Accident Reported,USA,8100.0,86663,16900.0,Sierra 2500
Audi,2020,Gasoline,Automatic,Blue,Clean,Germany,3000.0,35135,42000.0,Sq5 3.0T
Toyota,2017,Gasoline,Manual,Black,Clean,Japan,1800.0,67483,18700.0,Corolla Im
GMC,2017,Gasoline,Automatic,Blue,Accident Reported,USA,5300.0,177027,34999.0,Yukon Xl
Toyota,2020,Gasoline,Automatic,Black,Clean,Japan,5700.0,108470,47500.0,Tundra 1794
Subaru,2017,Gasoline,Manual,Red,Accident Reported,Japan,2000.0,100844,24000.0,Wrx
Subaru,2015,Gasoline,Manual,White,Accident Reported,Japan,2000.0,164153,18000.0,Wrx
Infiniti,2014,Gasoline,Automatic,Red,Accident Reported,Japan,3700.0,128401,16488.0,Q50
Chevrolet,2017,Gasoline,Automatic,White,Accident Reported,USA,5300.0,268034,24950.0,Suburban Premier
Toyota,2006,Gasoline,Automatic,Black,Accident Reported,Japan,4700.0,306830,8900.0,Sequoia
Porsche,2009,Gasoline,Automatic,Black,Clean,Germany,4800.0,218236,15000.0,Cayenne Gts
Kia,2023,Gasoline,Automatic,Blue,Clean,South Korea,3800.0,23657,39900.0,Telluride S
Mercedes-Benz,2019,Gasoline,Automatic,Gray,Accident Reported,Germany,4000.0,20897,96000.0,Amg E
BMW,2014,Gasoline,Automatic,White,Clean,Germany,3000.0,6759,64995.0,Z4 Sdrive35Is
Subaru,2017,Gasoline,Manual,Red,Clean,Japan,2000.0,70811,23500.0,Impreza 2.0I
Dodge,2015,Gasoline,Manual,Black,Clean,USA,2000.0,106216,12000.0,Dart
Land,2021,Gasoline,Automatic,Black,Clean,UK,5000.0,28880,89900.0,Rover Range
Nissan,2013,Gasoline,Manual,Red,Clean,Japan,3700.0,171717,17500.0,370Z
Cadillac,2020,Gasoline,Automatic,Black,Clean,USA,6200.0,193121,55000.0,Escalade Esv
Mercedes-Benz,2012,Gasoline,Automatic,White,Clean,Germany,3500.0,95917,19900.0,E-Class E
Kia,2012,Hybrid,Automatic,Black,Clean,South Korea,2400.0,188647,8900.0,Optima Hybrid
Chevrolet,2022,Diesel,Automatic,Silver,Clean,USA,6600.0,137116,67500.0,Silverado 3500
Volkswagen,2018,Gasoline,Manual,White,Clean,Germany,2000.0,102113,24325.0,Golf Gti
Dodge,2004,Gasoline,Manual,Black,Clean,USA,8300.0,117482,22500.0,Ram 1500
Scion,2014,Gasoline,Manual,Silver,Clean,Japan,2500.0,185074,11495.0,Tc Anniversary
Land,2016,Gasoline,Automatic,Black,Clean,UK,5000.0,90123,49900.0,Rover Range
Lexus,2018,Gasoline,Automatic,Other,Clean,Japan,3500.0,108302,40900.0,Ls 500
Chevrolet,2015,Gasoline,Automatic,Black,Accident Reported,USA,5300.0,288394,16000.0,Suburban 1500
Maserati,2015,Gasoline,Automatic,White,Clean,Italy,4700.0,45062,44999.0,Granturismo
Porsche,2003,Gasoline,Manual,Black,Clean,Germany,3600.0,249448,55000.0,911 Carrera
Hyundai,2012,Hybrid,Automatic,Green,Accident Reported,South Korea,2400.0,247838,8500.0,Sonata Hybrid
Cadillac,2012,Gasoline,Automatic,Red,Accident Reported,USA,3000.0,100584,18955.0,Cts Luxury
BMW,2000,Gasoline,Automatic,Silver,Clean,Germany,2500.0,285980,2500.0,323 Ci
Nissan,2012,Gasoline,Manual,Gray,Clean,Japan,3700.0,104607,21500.0,370Z Touring
Mercedes-Benz,2018,Gasoline,Automatic,Black,Accident Reported,Germany,3000.0,101079,38598.0,Gls 450
Ford,2021,Gasoline,Manual,Red,Clean,USA,5000.0,4828,49500.0,Mustang Gt
Audi,2012,Gasoline,Automatic,Gray,Clean,Germany,2000.0,191511,12000.0,Q5
RAM,2013,Diesel,Automatic,Brown,Clean,USA,6700.0,320046,25000.0,2500 Big
Dodge,2011,Gasoline,Automatic,Silver,Accident Reported,USA,3700.0,302556,8500.0,Ram 1500
Mercedes-Benz,2013,Gasoline,Automatic,Black,Clean,Germany,3500.0,253318,10750.0,C-Class C
Dodge,2016,Gasoline,Automatic,Blue,Clean,USA,6200.0,13242,62500.0,Challenger Srt
Land,2018,Gasoline,Automatic,Blue,Clean,UK,3000.0,117644,42950.0,Rover Range
BMW,2018,Gasoline,Manual,White,Clean,Germany,3000.0,17622,60995.0,M4
Mercedes-Benz,2018,Gasoline,Automatic,Black,Accident Reported,Germany,4000.0,101646,47000.0,S-Class S
Land,2019,Gasoline,Automatic,Other,Clean,UK,5000.0,51283,68900.0,Rover Range
Chevrolet,2009,Gasoline,Automatic,White,Clean,USA,6000.0,120700,18900.0,Express 3500
Toyota,2016,Gasoline,Automatic,Black,Accident Reported,Japan,4000.0,157715,36000.0,4Runner Trd
Mazda,2012,Gasoline,Manual,Red,Clean,Japan,2000.0,54035,18900.0,Mx-5 Miata
Volkswagen,2012,Gasoline,Automatic,Gray,Accident Reported,Germany,3600.0,198271,12449.0,Touareg Vr6
Jaguar,2013,Gasoline,Automatic,Blue,Clean,UK,3000.0,180246,8800.0,Xj
Chevrolet,2010,Gasoline,Automatic,Gray,Accident Reported,USA,6200.0,109435,19500.0,Camaro 2Ss
Infiniti,2012,Gasoline,Automatic,Red,Accident Reported,Japan,3700.0,193121,14500.0,G37 X
BMW,2019,Gasoline,Automatic,Silver,Accident Reported,Germany,4400.0,72420,46999.0,X6 Xdrive50I
Chevrolet,2022,Gasoline,Automatic,Gray,Clean,USA,6200.0,10783,39500.0,Camaro Lt1
Mercedes-Benz,2015,Gasoline,Automatic,White,Clean,Germany,5500.0,65822,59750.0,S-Class S
Cadillac,2018,Gasoline,Automatic,Gold,Clean,USA,6200.0,119333,45000.0,Escalade Esv
Toyota,2014,Hybrid,Automatic,Silver,Clean,Japan,2500.0,151999,15999.0,Camry Hybrid
Audi,2015,Gasoline,Automatic,Black,Clean,Germany,3000.0,173809,19998.0,A6 3.0T
BMW,2012,Gasoline,Automatic,White,Accident Reported,Germany,4400.0,189902,17000.0,X5 M
Jaguar,2020,Gasoline,Automatic,Black,Clean,UK,5000.0,62442,57500.0,F-Pace Svr
BMW,2017,Gasoline,Automatic,White,Clean,Germany,3000.0,88514,40000.0,740 I
BMW,2021,Hybrid,Automatic,Blue,Accident Reported,Germany,3000.0,56274,49999.0,M340 I
Jeep,2016,Gasoline,Automatic,Black,Clean,USA,3600.0,137317,30000.0,Wrangler Unlimited
RAM,2018,Gasoline,Automatic,Gray,Clean,USA,6400.0,102595,36000.0,2500 Tradesman
Ford,2016,Gasoline,Automatic,Black,Clean,USA,3700.0,140412,19999.0,Mustang
BMW,1997,Gasoline,Manual,Red,Accident Reported,Germany,2800.0,331524,15900.0,328 I
Mercedes-Benz,2011,Gasoline,Automatic,White,Clean,Germany,4700.0,181620,11999.0,Gl-Class Gl
Mercedes-Benz,2022,Gasoline,Automatic,Gray,Clean,Germany,2000.0,22692,53000.0,E-Class E
BMW,2023,Hybrid,Automatic,Black,Clean,Germany,3000.0,23110,85495.0,X7 Xdrive40I
Chevrolet,2023,Gasoline,Automatic,Blue,Clean,USA,1300.0,16093,32000.0,Trailblazer Rs
Chevrolet,2015,Gasoline,Automatic,Black,Clean,USA,5300.0,350031,20000.0,Suburban 1500
Chevrolet,2021,Gasoline,Automatic,Other,Clean,USA,5300.0,118843,60995.0,Suburban Premier
Jeep,2020,Gasoline,Automatic,Gray,Clean,USA,3600.0,64374,45000.0,Gladiator Overland
GMC,2023,Gasoline,Automatic,Black,Clean,USA,5300.0,16061,82000.0,Yukon Xl
Mazda,2019,Gasoline,Automatic,Black,Clean,Japan,2500.0,67587,24995.0,Mazda6 Grand
Alfa,2021,Gasoline,Automatic,Blue,Clean,Italy,2000.0,3219,39000.0,Romeo Giulia
Mercedes-Benz,2016,Gasoline,Automatic,Black,Accident Reported,Germany,2000.0,68799,22999.0,Cla-Class Cla
BMW,2019,Gasoline,Automatic,White,Clean,Germany,2000.0,31339,31698.0,330 330I
Volkswagen,2019,Gasoline,Automatic,Black,Clean,Germany,2000.0,56874,23000.0,Beetle S
Mercedes-Benz,2008,Gasoline,Automatic,White,Accident Reported,Germany,3500.0,149669,12000.0,Clk-Class Clk
Audi,2014,Gasoline,Automatic,White,Accident Reported,Germany,4000.0,106458,47995.0,Rs 7
Volvo,2022,Plug-In Hybrid,Automatic,Blue,Clean,Sweden,2000.0,31144,54599.0,Xc60 Recharge
Land,2020,Gasoline,Automatic,Black,Clean,UK,5000.0,130357,64800.0,Rover Range
Toyota,2011,Gasoline,Automatic,Gold,Clean,Japan,5700.0,294509,16000.0,Sequoia
Jeep,2004,Gasoline,Manual,Green,Accident Reported,USA,4000.0,70811,24999.0,Wrangler X
Audi,2021,Gasoline,Automatic,Gray,Clean,Germany,3000.0,29129,51800.0,S5 3.0T
Land,2011,Gasoline,Automatic,Blue,Accident Reported,UK,5000.0,64374,20000.0,Rover Range
Mercedes-Benz,2011,Diesel,Automatic,Black,Clean,Germany,3000.0,193121,31999.0,Sprinter 2500
Toyota,2023,Hybrid,Automatic,Blue,Clean,Japan,3400.0,523,84997.0,Sequoia Platinum
Maserati,2017,Gasoline,Automatic,Blue,Clean,Italy,3000.0,88514,39100.0,Quattroporte S
Ford,2019,Gasoline,Manual,Black,Accident Reported,USA,5000.0,78053,44999.0,Mustang Bullitt
RAM,2018,Diesel,Automatic,Gray,Clean,USA,6700.0,83686,50000.0,2500 Tradesman
Toyota,2007,Gasoline,Automatic,Silver,Accident Reported,Japan,4000.0,288072,17900.0,Fj Cruiser
Dodge,2019,Gasoline,Automatic,Silver,Clean,USA,6400.0,68600,42000.0,Charger Scat
Lexus,2018,Gasoline,Automatic,Gray,Accident Reported,Japan,4600.0,106056,34700.0,Gx 460
Genesis,2022,Gasoline,Automatic,Black,Clean,South Korea,2500.0,12107,54543.0,Gv80 2.5T
Jaguar,2019,Gasoline,Automatic,Other,Clean,UK,2000.0,55305,59598.0,F-Pace 30T
Kia,2021,Gasoline,Automatic,Red,Clean,South Korea,2400.0,27277,24995.0,Sportage S
Porsche,2018,Gasoline,Automatic,Gray,Clean,Germany,3000.0,98170,57500.0,Panamera
Infiniti,2018,Gasoline,Automatic,Black,Clean,Japan,5600.0,161842,23105.0,Qx80
Ford,2022,Hybrid,Automatic,Blue,Clean,USA,2500.0,22048,39500.0,Maverick Lariat
Kia,2021,Gasoline,Automatic,Black,Clean,South Korea,3800.0,62140,42242.0,Telluride Sx
Chevrolet,2005,Gasoline,Automatic,Blue,Accident Reported,USA,3500.0,249448,7995.0,Colorado Z85
Mercedes-Benz,2017,Gasoline,Automatic,Gray,Clean,Germany,4700.0,90123,35750.0,E-Class E
Toyota,2022,Hybrid,Automatic,Silver,Clean,Japan,1800.0,71550,22945.0,Corolla Hybrid
Mercedes-Benz,2017,Gasoline,Automatic,Blue,Accident Reported,Germany,2000.0,49890,38000.0,E-Class E
Mercedes-Benz,2012,Gasoline,Automatic,Gray,Accident Reported,Germany,3500.0,70811,22222.0,Slk-Class Slk
Mercedes-Benz,2018,Gasoline,Automatic,Black,Clean,Germany,3000.0,36303,47645.0,E-Class E
Jeep,2003,Gasoline,Automatic,Beige,Clean,USA,4000.0,186936,14250.0,Wrangler X
Lincoln,2018,Gasoline,Automatic,Black,Accident Reported,USA,3500.0,37819,50000.0,Navigator Premiere
Chevrolet,2008,Gasoline,Automatic,Red,Clean,USA,6200.0,45303,31000.0,Corvette
GMC,2016,Gasoline,Automatic,Black,Accident Reported,USA,6200.0,221284,29500.0,Yukon Xl
Ford,2017,Flex Fuel,Automatic,White,Clean,USA,3500.0,271978,13000.0,Explorer Xlt
Chevrolet,2010,Gasoline,Manual,Yellow,Clean,USA,6200.0,14402,30000.0,Camaro 2Ss
Land,2016,Gasoline,Automatic,Black,Clean,UK,3000.0,165762,33999.0,Rover Range
Porsche,2003,Gasoline,Automatic,Black,Accident Reported,Germany,3600.0,140978,32000.0,911 Carrera
Mercedes-Benz,2015,Gasoline,Automatic,Red,Accident Reported,Germany,2000.0,123522,15999.0,Cla-Class Cla
Mercedes-Benz,2019,Gasoline,Automatic,Black,Clean,Germany,2000.0,16898,79500.0,Metris
Mercedes-Benz,2011,Gasoline,Automatic,Silver,Clean,Germany,3500.0,320259,9250.0,E-Class E
Lexus,2007,Gasoline,Automatic,Blue,Clean,Japan,4600.0,205963,9999.0,Ls 460
BMW,2023,Hybrid,Automatic,Red,Clean,Germany,3000.0,26244,71400.0,X6 Xdrive40I
Audi,2021,Gasoline,Automatic,Gray,Clean,Germany,3000.0,21832,57900.0,S5 3.0T
Audi,2022,Hybrid,Automatic,Other,Clean,Germany,3000.0,36352,52598.0,Q7
Jaguar,2019,Gasoline,Automatic,White,Accident Reported,UK,2000.0,66710,22500.0,Xe 25T
Genesis,2019,Gasoline,Automatic,Red,Clean,South Korea,3300.0,92537,32990.0,G80 3.3T
BMW,2020,Gasoline,Automatic,Black,Clean,Germany,3000.0,805,70000.0,M2 Competition
Subaru,2014,Gasoline,Manual,White,Clean,Japan,2500.0,88514,30000.0,Impreza Wrx
GMC,2021,Gasoline,Automatic,White,Clean,USA,6600.0,13213,55000.0,Sierra 2500
Lincoln,2021,Gasoline,Automatic,Other,Clean,USA,2700.0,29226,46850.0,Nautilus Reserve
Mercedes-Benz,2013,Diesel,Automatic,Silver,Accident Reported,Germany,3000.0,63968,54995.0,Sprinter Normal
Toyota,1998,Gasoline,Automatic,White,Accident Reported,Japan,4700.0,257494,12490.0,Land Cruiser
Toyota,2013,Gasoline,Automatic,Silver,Clean,Japan,2700.0,104607,20500.0,Tacoma Prerunner
BMW,2016,Gasoline,Automatic,Black,Clean,Germany,2000.0,94951,25000.0,Z4 Sdrive28I
BMW,2022,Plug-In Hybrid,Automatic,White,Clean,Germany,2000.0,36532,47000.0,530E
Mercedes-Benz,2018,Flex Fuel,Automatic,White,Clean,Germany,2000.0,91053,20900.0,Gla 250
Hyundai,2010,Gasoline,Automatic,Silver,Accident Reported,South Korea,4600.0,246763,10000.0,Genesis 4.6
Cadillac,2013,Gasoline,Automatic,Black,Clean,USA,3600.0,144358,17999.0,Ats 3.6L
Lincoln,2002,Gasoline,Automatic,Black,Accident Reported,USA,4600.0,190868,5230.0,Town Car
GMC,2021,Gasoline,Automatic,Black,Clean,USA,6200.0,37659,52000.0,Sierra 1500
Mercedes-Benz,2015,Diesel,Automatic,White,Clean,Germany,3000.0,177027,29000.0,Sprinter High
Jaguar,2008,Gasoline,Automatic,Black,Clean,UK,4200.0,141442,11990.0,Xj Vanden
Lexus,2015,Gasoline,Automatic,Black,Clean,Japan,3500.0,118769,26999.0,Rc 350
Audi,2015,Gasoline,Automatic,Blue,Clean,Germany,2000.0,125728,21500.0,S3
Subaru,2015,Gasoline,Manual,Red,Accident Reported,Japan,2000.0,146450,19000.0,Wrx
Dodge,2003,Gasoline,Automatic,White,Accident Reported,USA,5700.0,183465,10700.0,Ram 2500
Subaru,2015,Gasoline,Manual,Blue,Clean,Japan,2000.0,122310,21000.0,Wrx
Audi,2008,Gasoline,Manual,Red,Accident Reported,Germany,4200.0,235768,30000.0,Rs 4.2
Porsche,2007,Gasoline,Manual,Silver,Clean,Germany,3600.0,41877,53999.0,911 Carrera
Audi,2015,Flex Fuel,Automatic,Black,Accident Reported,Germany,2000.0,117482,17200.0,A4
Audi,2009,Gasoline,Automatic,Gray,Clean,Germany,3200.0,246229,8700.0,A4 3.2
Ford,2003,Diesel,Automatic,Gold,Clean,USA,6000.0,108711,30000.0,Excursion
Ford,2004,Gasoline,Automatic,Gold,Clean,USA,6800.0,273588,8500.0,Excursion
Land,2017,Gasoline,Automatic,Black,Clean,UK,5000.0,85295,47500.0,Rover Range
Audi,2019,Hybrid,Automatic,Gold,Accident Reported,Germany,3000.0,88353,48500.0,Q8 3.0T
BMW,2016,Gasoline,Automatic,Black,Clean,Germany,3000.0,143231,24000.0,X5 Xdrive35I
Ford,2022,Gasoline,Manual,Black,Clean,USA,2300.0,9978,49000.0,Bronco
Ford,2021,Gasoline,Automatic,Silver,Clean,USA,5000.0,83377,42388.0,F-150 Xlt
Hyundai,2013,Gasoline,Manual,White,Accident Reported,South Korea,3800.0,143231,12500.0,Genesis Coupe
Toyota,1999,Gasoline,Automatic,Gold,Accident Reported,Japan,2200.0,138582,3500.0,Camry
Mercedes-Benz,2018,Gasoline,Automatic,White,Clean,Germany,3000.0,72747,39853.0,E-Class E
Audi,2022,Gasoline,Automatic,Gray,Clean,Germany,3000.0,23720,61900.0,S5 3.0T
Buick,2017,Gasoline,Automatic,Other,Accident Reported,USA,3600.0,223867,17550.0,Enclave
Ford,2011,Gasoline,Manual,Red,Clean,USA,5000.0,162543,18500.0,Mustang Gt
GMC,2016,Gasoline,Automatic,Black,Accident Reported,USA,5300.0,149669,30000.0,Yukon Xl
Ford,2013,Gasoline,Manual,Black,Clean,USA,3700.0,100584,16000.0,Mustang
Lexus,2008,Gasoline,Automatic,Blue,Accident Reported,Japan,5000.0,120700,29000.0,Is-F
BMW,2015,Gasoline,Automatic,Gray,Clean,Germany,3000.0,55450,28000.0,435 I
Land,2010,Gasoline,Automatic,White,Clean,UK,5000.0,209214,15500.0,Rover Range
Mercedes-Benz,2014,Gasoline,Automatic,Gray,Accident Reported,Germany,2000.0,122583,16500.0,Cla-Class Cla
GMC,2010,Flex Fuel,Automatic,White,Accident Reported,USA,5300.0,313017,9500.0,Yukon Slt
BMW,2008,Gasoline,Automatic,Silver,Clean,Germany,3000.0,217261,5699.0,535 I
Dodge,2021,Gasoline,Automatic,White,Accident Reported,USA,3600.0,53108,26999.0,Charger Gt
Hyundai,2010,Gasoline,Automatic,Beige,Clean,South Korea,3800.0,158842,10340.0,Genesis 3.8
Honda,2018,Gasoline,Manual,Black,Accident Reported,Japan,2000.0,117321,35500.0,Civic Type
Dodge,2016,Gasoline,Automatic,Black,Clean,USA,5700.0,217261,20000.0,Durango R/T
Chevrolet,2022,Gasoline,Automatic,Red,Clean,USA,5300.0,4104,60000.0,Silverado 1500
RAM,2022,Gasoline,Automatic,Black,Clean,USA,5700.0,23554,46599.0,1500 Laramie
Chrysler,2005,Gasoline,Automatic,White,Clean,USA,3200.0,39987,13046.0,Crossfire
Nissan,2019,Gasoline,Automatic,Black,Clean,Japan,2500.0,47569,25884.0,Rogue Sl
Audi,2023,Gasoline,Automatic,Other,Clean,Germany,3000.0,10591,59900.0,A6 55
Mercedes-Benz,2020,Hybrid,Automatic,Gray,Clean,Germany,3000.0,35405,83999.0,Amg Gt
Acura,2017,Gasoline,Automatic,Black,Accident Reported,Japan,2400.0,109757,15750.0,Ilx Technology
Ford,2019,Gasoline,Automatic,White,Clean,USA,3500.0,82559,48295.0,Expedition Platinum
BMW,2008,Gasoline,Manual,Gray,Clean,Germany,4000.0,214847,18500.0,M3
Infiniti,2012,Gasoline,Automatic,Gray,Clean,Japan,3700.0,78858,19900.0,M37 X
BMW,2008,Gasoline,Automatic,Black,Clean,Germany,4800.0,201924,8000.0,650 I
Mazda,2008,Gasoline,Manual,Red,Clean,Japan,1300.0,130709,8500.0,Rx-8 Grand
Porsche,1999,Gasoline,Manual,Blue,Clean,Germany,2500.0,115872,12250.0,Boxster
Acura,2019,Gasoline,Automatic,Gray,Clean,Japan,2400.0,31382,25000.0,Ilx &
Lexus,2016,Gasoline,Automatic,White,Clean,Japan,5700.0,54162,62900.0,Lx 570
Toyota,2015,Gasoline,Automatic,White,Clean,Japan,3500.0,217486,23500.0,Highlander Platinum
Maserati,2015,Gasoline,Automatic,Black,Clean,Italy,3000.0,117482,17999.0,Ghibli
Land,2017,Gasoline,Automatic,White,Accident Reported,UK,3000.0,88514,58000.0,Rover Range
Chevrolet,2013,Gasoline,Automatic,Blue,Accident Reported,USA,1400.0,140013,10000.0,Cruze Ltz
BMW,2006,Gasoline,Automatic,Silver,Clean,Germany,3000.0,221807,4000.0,325 Xi
Acura,2008,Gasoline,Automatic,Gray,Clean,Japan,3700.0,296796,5000.0,Mdx Technology
Lincoln,2015,Gasoline,Automatic,White,Accident Reported,USA,2000.0,152887,14900.0,Mkc
Kia,2022,Gasoline,Automatic,Other,Accident Reported,South Korea,2400.0,42596,27875.0,Sportage Nightfall
Bentley,2003,Gasoline,Automatic,Gray,Clean,UK,6750.0,88594,34995.0,Arnage R
Kia,2021,Gasoline,Automatic,White,Clean,South Korea,2500.0,87226,23800.0,Sorento Lx
Lexus,2002,Gasoline,Automatic,Blue,Clean,Japan,4300.0,176644,15000.0,Sc 430
Land,2012,Gasoline,Automatic,Gray,Clean,UK,2000.0,148188,14500.0,Rover Range
Acura,2023,Gasoline,Automatic,Black,Clean,Japan,3000.0,2894,53000.0,Tlx Type
GMC,2006,Gasoline,Automatic,Silver,Clean,USA,5300.0,269564,14500.0,Sierra 1500
GMC,2023,Gasoline,Automatic,White,Clean,USA,6200.0,4023,84000.0,Sierra 1500
Mercedes-Benz,2016,Gasoline,Automatic,White,Accident Reported,Germany,3000.0,123919,24000.0,E-Class E
MINI,2019,Gasoline,Automatic,Black,Clean,UK,1500.0,31945,24000.0,Hardtop Cooper
Ford,2023,Gasoline,Automatic,Gray,Clean,USA,2300.0,5472,57000.0,Bronco Outer
Ford,2021,Gasoline,Automatic,Blue,Clean,USA,2700.0,5787,56900.0,Bronco
Ford,2009,Diesel,Automatic,White,Clean,USA,6400.0,209536,28900.0,F-350 Lariat
Land,2017,Gasoline,Automatic,White,Clean,UK,2000.0,77570,24998.0,Rover Discovery
GMC,2016,Gasoline,Automatic,Black,Accident Reported,USA,5300.0,295385,22000.0,Yukon Xl
Ford,2016,Gasoline,Manual,Blue,Clean,USA,2300.0,23979,39000.0,Focus Rs
Ford,2022,Gasoline,Automatic,Blue,Clean,USA,2700.0,6759,65994.0,Bronco Badlands
Hyundai,2012,Gasoline,Automatic,Black,Clean,South Korea,5000.0,25263,19000.0,Genesis 5
Jeep,2022,Gasoline,Automatic,Gray,Clean,USA,3600.0,2816,65500.0,Wrangler Unlimited
BMW,2022,Gasoline,Automatic,Blue,Clean,Germany,2000.0,56005,46000.0,X4 Xdrive30I
Jaguar,2020,Gasoline,Automatic,Other,Clean,UK,3000.0,57260,46998.0,F-Pace S
Mazda,2003,Gasoline,Manual,White,Clean,Japan,1800.0,14902,22000.0,Mx-5 Miata
GMC,2023,Gasoline,Automatic,Black,Clean,USA,5300.0,45866,67800.0,Yukon Xl
Mercedes-Benz,2008,Gasoline,Automatic,Black,Clean,Germany,3500.0,147898,8900.0,E-Class E
Infiniti,2004,Gasoline,Automatic,Beige,Clean,Japan,3500.0,209214,7500.0,G35
Cadillac,2013,Gasoline,Automatic,Other,Accident Reported,USA,3600.0,91507,21995.0,Xts
MINI,2017,Gasoline,Manual,Silver,Clean,UK,2000.0,71294,20784.0,Hardtop Cooper
Mercedes-Benz,2013,Gasoline,Automatic,Black,Clean,Germany,4600.0,116677,31450.0,Sl-Class Sl
RAM,2017,Gasoline,Automatic,Blue,Accident Reported,USA,5700.0,115872,24200.0,1500 Tradesman/Express
BMW,2011,Gasoline,Automatic,Black,Clean,Germany,3000.0,212433,11000.0,135 I
Lexus,2002,Gasoline,Automatic,Silver,Accident Reported,Japan,4300.0,67592,15999.0,Ls 430
Jaguar,2023,Gasoline,Automatic,Black,Clean,UK,2000.0,7442,56998.0,F-Pace S
BMW,2006,Gasoline,Automatic,Black,Clean,Germany,5000.0,170590,19500.0,M5
Hyundai,2022,Gasoline,Automatic,Other,Clean,South Korea,2500.0,21903,27450.0,Santa Fe
Ford,2023,Gasoline,Automatic,Gray,Accident Reported,USA,3500.0,14341,77430.0,Expedition Timberline
Chevrolet,2021,Gasoline,Automatic,Silver,Clean,USA,5300.0,78280,43666.0,Silverado 1500
GMC,2021,Gasoline,Automatic,White,Clean,USA,6200.0,18105,70250.0,Sierra 1500
Ford,2007,Gasoline,Automatic,Red,Clean,USA,4000.0,202777,9000.0,Mustang
BMW,2008,Gasoline,Automatic,Silver,Clean,Germany,5000.0,125126,21000.0,M5
Toyota,2020,Gasoline,Automatic,Gray,Clean,Japan,3500.0,44036,35000.0,Tacoma Sr
Porsche,2019,Gasoline,Automatic,White,Clean,Germany,3000.0,49811,80140.0,Cayenne
Dodge,2021,Gasoline,Automatic,Other,Clean,USA,3600.0,32808,32999.0,Durango Gt
BMW,2018,Plug-In Hybrid,Automatic,Black,Clean,Germany,2000.0,72827,24995.0,330E Iperformance
GMC,2016,Gasoline,Automatic,White,Clean,USA,3600.0,231745,18400.0,Terrain Denali
Ford,2004,Diesel,Automatic,Gold,Clean,USA,6000.0,122572,20500.0,Excursion
Mitsubishi,2017,Gasoline,Automatic,Blue,Clean,Japan,1200.0,57450,8750.0,Mirage Es
Mercedes-Benz,2010,Gasoline,Automatic,Black,Clean,Germany,3500.0,43452,22500.0,E-Class E
Mazda,2015,Gasoline,Automatic,Red,Clean,Japan,2000.0,260713,11500.0,Mazda3 I
BMW,2008,Gasoline,Manual,Red,Clean,Germany,4000.0,125207,28500.0,M3
Mercedes-Benz,2014,Gasoline,Automatic,Black,Clean,Germany,3500.0,88514,19250.0,E-Class E
Ford,2022,Gasoline,Automatic,Gray,Accident Reported,USA,2700.0,19312,65999.0,Bronco Outer
Jeep,2010,Gasoline,Automatic,White,Accident Reported,USA,3800.0,172199,17500.0,Wrangler Unlimited
Honda,2021,Gasoline,Automatic,Gray,Clean,Japan,3500.0,68643,38998.0,Pilot Elite
Acura,2008,Gasoline,Automatic,Black,Accident Reported,Japan,3200.0,311863,10000.0,Tl 3.2
Lexus,2014,Gasoline,Automatic,Red,Accident Reported,Japan,3500.0,197949,18000.0,Is 350
Chevrolet,2011,Gasoline,Automatic,Brown,Accident Reported,USA,3000.0,209214,7000.0,Equinox Lt
Mitsubishi,2009,Gasoline,Manual,Black,Accident Reported,Japan,2000.0,230692,3000.0,Lancer De
Land,2015,Gasoline,Automatic,White,Clean,UK,2000.0,180994,11995.0,Rover Lr2
Audi,2012,Gasoline,Automatic,White,Clean,Germany,2000.0,220919,11000.0,A5
Lexus,2018,Hybrid,Automatic,Silver,Clean,Japan,3500.0,113909,35700.0,Rx 450H
Chevrolet,2018,Gasoline,Automatic,Black,Clean,USA,5300.0,88514,37900.0,Tahoe Lt
Mercedes-Benz,2017,Gasoline,Automatic,Gray,Clean,Germany,4000.0,37258,84500.0,G-Class G
Cadillac,2013,Gasoline,Automatic,Black,Accident Reported,USA,3600.0,244620,8500.0,Xts Luxury
Infiniti,2020,Gasoline,Automatic,Other,Clean,Japan,3000.0,37568,36999.0,Q50 3.0T
Subaru,2016,Gasoline,Automatic,Blue,Accident Reported,Japan,3600.0,140161,19500.0,Outback 3.6R
Toyota,2004,Gasoline,Automatic,Gray,Clean,Japan,3000.0,145846,5500.0,Avalon Xls
Chevrolet,2021,Gasoline,Automatic,Silver,Clean,USA,3600.0,71411,36000.0,Traverse Rs
BMW,2021,Gasoline,Automatic,Black,Clean,Germany,2000.0,41843,37000.0,330 I
Lexus,2021,Gasoline,Automatic,Silver,Clean,Japan,4600.0,62928,51798.0,Gx 460
Alfa,2019,Gasoline,Automatic,Other,Clean,Italy,2000.0,63754,28900.0,Romeo Stelvio
GMC,2019,Flex Fuel,Automatic,Silver,Clean,USA,6000.0,93342,36500.0,Sierra 2500
Lexus,2013,Gasoline,Automatic,Gray,Accident Reported,Japan,2500.0,238182,10000.0,Is 250
Porsche,2011,Gasoline,Automatic,White,Clean,Germany,3600.0,167371,20900.0,Panamera 2
BMW,2013,Gasoline,Automatic,Silver,Accident Reported,Germany,3000.0,74271,17000.0,535 I
Chevrolet,2022,Diesel,Automatic,Blue,Clean,USA,6600.0,30352,74500.0,Silverado 2500
Mercedes-Benz,2017,Gasoline,Automatic,Gray,Clean,Germany,4000.0,45704,55600.0,Amg C
Jeep,1998,Gasoline,Manual,Black,Clean,USA,4000.0,219675,6999.0,Wrangler Sahara
Porsche,2005,Gasoline,Manual,Blue,Clean,Germany,3200.0,153161,24900.0,Boxster S
BMW,2006,Gasoline,Manual,Gray,Accident Reported,Germany,3200.0,153612,42000.0,M3
Chevrolet,2022,Gasoline,Automatic,Blue,Clean,USA,6200.0,12315,39998.0,Camaro Lt1
BMW,2011,Gasoline,Automatic,Black,Accident Reported,Germany,3000.0,271978,10999.0,535 I
RAM,2022,Gasoline,Automatic,Red,Clean,USA,5700.0,26947,46999.0,1500 Laramie
Chevrolet,2004,Gasoline,Automatic,White,Accident Reported,USA,4300.0,244620,7999.0,Express 1500
BMW,2020,Gasoline,Automatic,Black,Clean,Germany,3000.0,74030,54999.0,X7 Xdrive40I
BMW,2022,Hybrid,Automatic,Blue,Clean,Germany,3000.0,12875,85000.0,X7 Xdrive40I
Chevrolet,2016,Flex Fuel,Automatic,White,Clean,USA,6000.0,135862,36800.0,Silverado 2500
GMC,2021,Gasoline,Automatic,White,Accident Reported,USA,6200.0,71923,56900.0,Sierra 1500
Mitsubishi,2022,Gasoline,Automatic,White,Clean,Japan,2500.0,18829,33000.0,Outlander
Ford,2019,Gasoline,Manual,Black,Clean,USA,5200.0,4506,91000.0,Shelby Gt350
MINI,2010,Gasoline,Automatic,Gold,Clean,UK,1600.0,93342,8000.0,Cooper
Toyota,2009,Hybrid,Automatic,Blue,Clean,Japan,1500.0,229331,6999.0,Prius Touring
Cadillac,2007,Gasoline,Automatic,Black,Accident Reported,USA,6200.0,308832,9750.0,Escalade Esv
Audi,2016,Gasoline,Automatic,White,Accident Reported,Germany,2000.0,102029,19500.0,A6
Chevrolet,2008,Gasoline,Automatic,White,Accident Reported,USA,5300.0,261920,7200.0,Suburban 1500
Jaguar,2012,Gasoline,Automatic,White,Clean,UK,5000.0,61771,36949.0,Xk R
Audi,2011,Gasoline,Automatic,White,Accident Reported,Germany,2000.0,146157,8300.0,A4
Cadillac,2018,Gasoline,Automatic,Gray,Clean,USA,2000.0,51499,22999.0,Ats 2.0L
Ford,2019,Gasoline,Automatic,White,Clean,USA,3700.0,152324,37000.0,Transit-350
Mercedes-Benz,2014,Gasoline,Automatic,White,Clean,Germany,5500.0,80304,72999.0,G-Class G
Jeep,2011,Gasoline,Automatic,Red,Accident Reported,USA,3800.0,88514,35000.0,Wrangler Sahara
BMW,2015,Gasoline,Automatic,Black,Clean,Germany,3000.0,38141,42800.0,M4
Maserati,2020,Gasoline,Automatic,Blue,Clean,Italy,3000.0,19502,52900.0,Ghibli S
Pontiac,2001,Gasoline,Manual,Blue,Clean,USA,5700.0,102998,21000.0,Firebird Trans
Ford,2022,Gasoline,Automatic,Black,Clean,USA,3500.0,35677,57352.0,Expedition Xlt
BMW,2011,Gasoline,Automatic,Blue,Clean,Germany,3000.0,217261,9999.0,535 I
BMW,2015,Gasoline,Automatic,White,Clean,Germany,2000.0,201168,15000.0,428 I
Cadillac,2017,Gasoline,Automatic,Gold,Clean,USA,6200.0,215652,32999.0,Escalade Esv
BMW,2014,Gasoline,Automatic,Black,Clean,Germany,3000.0,230538,12999.0,X5 Xdrive35I
Lexus,2017,Gasoline,Automatic,White,Clean,Japan,4600.0,133535,31000.0,Gx 460
MINI,2016,Gasoline,Manual,White,Clean,UK,1600.0,147576,13999.0,Countryman Cooper
Ford,2018,Gasoline,Automatic,Black,Clean,USA,2700.0,116505,35000.0,F-150 Xlt
Infiniti,2016,Gasoline,Automatic,Black,Clean,Japan,3500.0,114263,21500.0,Qx60
Lexus,2012,Gasoline,Automatic,Silver,Clean,Japan,3500.0,258943,15000.0,Rx 350
Dodge,2020,Gasoline,Automatic,Red,Accident Reported,USA,6400.0,64708,38000.0,Charger Scat
Lexus,2017,Gasoline,Automatic,White,Clean,Japan,3500.0,124402,30000.0,Is 350
Nissan,2017,Gasoline,Automatic,White,Clean,Japan,2000.0,26876,26500.0,Nv200 Sv
Subaru,2013,Gasoline,Automatic,Black,Clean,Japan,2000.0,180246,9999.0,Impreza 2.0I
BMW,2016,Gasoline,Manual,Blue,Clean,Germany,3000.0,88916,49999.0,M3
Infiniti,2020,Gasoline,Automatic,Gray,Clean,Japan,5600.0,111044,31450.0,Qx80 Luxe
Ford,2016,Gasoline,Manual,Gray,Accident Reported,USA,5000.0,65291,30490.0,Mustang Gt
Toyota,2020,Gasoline,Automatic,White,Clean,Japan,2500.0,74834,35200.0,Rav4 Trd
Honda,2000,Gasoline,Manual,Silver,Clean,Japan,2000.0,43291,35000.0,S2000
Ford,2023,Gasoline,Automatic,Black,Clean,USA,2300.0,19312,54000.0,Bronco Big
Ford,2022,Gasoline,Automatic,Gray,Clean,USA,3500.0,48765,68420.0,Expedition Timberline
Toyota,2023,Hybrid,Automatic,Orange,Clean,Japan,3400.0,966,91995.0,Sequoia Trd
Plymouth,2001,Gasoline,Automatic,Blue,Clean,USA,3500.0,35888,28500.0,Prowler
Alfa,2023,Gasoline,Automatic,White,Clean,Italy,2000.0,14927,43900.0,Romeo Giulia
Chevrolet,2004,Flex Fuel,Automatic,White,Accident Reported,USA,5300.0,276404,12998.0,Suburban 1500
Mitsubishi,2013,Gasoline,Manual,Black,Clean,Japan,2000.0,123115,28000.0,Lancer Evolution
Mercedes-Benz,2018,Gasoline,Automatic,Blue,Accident Reported,Germany,3000.0,78858,42995.0,Amg Gle
Audi,2011,Gasoline,Automatic,White,Accident Reported,Germany,5200.0,120700,74000.0,R8 5.2
Ford,2007,Gasoline,Automatic,Silver,Clean,USA,2300.0,214525,3000.0,Escape Xlt
BMW,2007,Gasoline,Automatic,Black,Clean,Germany,3000.0,160451,8500.0,X5 3.0Si
Chevrolet,2011,Gasoline,Automatic,White,Accident Reported,USA,3600.0,203903,14000.0,Camaro 2Lt
BMW,2016,Gasoline,Manual,Black,Clean,Germany,3000.0,45062,36995.0,340 I
Mercedes-Benz,2012,Gasoline,Automatic,Silver,Accident Reported,Germany,5500.0,34279,38500.0,Sl-Class Sl
Cadillac,2019,Gasoline,Automatic,Black,Clean,USA,6200.0,148059,51900.0,Escalade Platinum
Lexus,2015,Gasoline,Automatic,Black,Clean,Japan,5000.0,41450,49995.0,Rc F
Kia,2021,Gasoline,Automatic,White,Clean,South Korea,2000.0,39484,21900.0,Forte Gt-Line
Land,2018,Gasoline,Automatic,Red,Clean,UK,5000.0,93503,53499.0,Rover Range
Nissan,2017,Gasoline,Automatic,White,Clean,Japan,5600.0,32541,32324.0,Titan S
Honda,2019,Gasoline,Automatic,White,Accident Reported,Japan,2000.0,64485,27500.0,Accord Ex-L
Subaru,2017,Gasoline,Manual,Blue,Clean,Japan,2000.0,98057,23750.0,Wrx
Audi,2019,Gasoline,Automatic,White,Clean,Germany,2000.0,11748,27900.0,A4 Titanium
Chevrolet,2012,Flex Fuel,Automatic,Red,Accident Reported,USA,5300.0,90123,18000.0,Avalanche 1500
Mercedes-Benz,2014,Gasoline,Automatic,Gray,Accident Reported,Germany,2000.0,218870,12000.0,Cla-Class Cla
BMW,2020,Gasoline,Automatic,Blue,Clean,Germany,2000.0,50050,26999.0,228 Gran
Maserati,2012,Gasoline,Automatic,Blue,Clean,Italy,4700.0,19473,37900.0,Granturismo
Ford,2021,Gasoline,Automatic,Red,Clean,USA,3500.0,83528,57480.0,Expedition Platinum
Audi,2007,Gasoline,Manual,Black,Accident Reported,Germany,4200.0,149669,10995.0,S4
Land,2016,Gasoline,Automatic,Blue,Accident Reported,UK,3000.0,160797,26500.0,Rover Range
Chevrolet,2007,Flex Fuel,Automatic,Gold,Accident Reported,USA,5300.0,284853,10750.0,Tahoe Ltz
Nissan,2008,Gasoline,Automatic,Black,Clean,Japan,4000.0,162382,6999.0,Xterra S
Infiniti,2017,Gasoline,Automatic,Black,Accident Reported,Japan,3000.0,172811,17500.0,Q60 3.0T
Ford,2021,Gasoline,Automatic,White,Clean,USA,3500.0,53039,77900.0,F-150 Raptor
Acura,2016,Gasoline,Automatic,Gray,Clean,Japan,2400.0,72420,16500.0,Tlx
Nissan,2013,Gasoline,Automatic,Blue,Clean,Japan,4000.0,107826,15500.0,Frontier Sv
Chevrolet,2021,Gasoline,Manual,Gray,Clean,USA,6200.0,20278,47000.0,Camaro 1Ss
Porsche,2018,Gasoline,Automatic,White,Clean,Germany,3000.0,40044,59800.0,Panamera 4
Acura,2020,Gasoline,Automatic,Red,Clean,Japan,3500.0,11104,43500.0,Tlx Pmc
Kia,2019,Gasoline,Automatic,Silver,Clean,South Korea,3300.0,106337,23754.0,Sorento Ex
Hyundai,2021,Gasoline,Automatic,Black,Clean,South Korea,3800.0,109516,29600.0,Palisade
Ford,2017,Diesel,Automatic,Gray,Clean,USA,6700.0,205996,50000.0,F-250 Lariat
BMW,2021,Gasoline,Automatic,White,Clean,Germany,2000.0,15244,51000.0,430 I
Mitsubishi,2009,Gasoline,Automatic,Orange,Accident Reported,Japan,2400.0,299278,5100.0,Lancer Gts
Nissan,2019,Gasoline,Automatic,Black,Accident Reported,Japan,2000.0,83686,19500.0,Nv200 S
Buick,2015,Gasoline,Automatic,Blue,Accident Reported,USA,3600.0,110486,18950.0,Enclave Leather
Lexus,2004,Gasoline,Automatic,Silver,Clean,Japan,3300.0,244452,7900.0,Rx 330
Lexus,2019,Hybrid,Automatic,Black,Clean,Japan,3500.0,70281,44950.0,Rx 450H
Kia,2013,Gasoline,Automatic,Black,Accident Reported,South Korea,2000.0,215985,5500.0,Forte Koup
GMC,2020,Gasoline,Automatic,White,Clean,USA,1500.0,42599,29900.0,Terrain Sle
Porsche,2018,Gasoline,Automatic,Black,Clean,Germany,2000.0,132449,35000.0,Macan
Lexus,2015,Gasoline,Automatic,Blue,Clean,Japan,3500.0,199558,24000.0,Rc 350
Audi,2020,Gasoline,Automatic,Other,Clean,Germany,3000.0,38339,49995.0,S4 3.0T
GMC,2002,Gasoline,Automatic,Gray,Clean,USA,4800.0,358239,4999.0,Yukon Slt
Infiniti,2014,Gasoline,Automatic,Black,Accident Reported,Japan,3500.0,248236,12500.0,Qx60
Chevrolet,2008,Gasoline,Automatic,Beige,Clean,USA,6000.0,205996,23500.0,Silverado 2500
Maserati,2008,Gasoline,Automatic,Blue,Accident Reported,Italy,4200.0,112654,13000.0,Granturismo
BMW,2016,Gasoline,Automatic,White,Accident Reported,Germany,4400.0,84289,48600.0,X6 M
Chrysler,2016,Gasoline,Automatic,Black,Accident Reported,USA,3600.0,161858,17500.0,300 S
Chrysler,2014,Gasoline,Automatic,White,Accident Reported,USA,3600.0,136794,11250.0,300
Acura,2023,Gasoline,Automatic,White,Clean,Japan,2000.0,6371,48998.0,Rdx W/A-Spec
Chevrolet,2021,Gasoline,Automatic,Silver,Clean,USA,6200.0,16737,72900.0,Corvette Stingray
Chevrolet,2019,Gasoline,Manual,Orange,Clean,USA,6200.0,30899,41500.0,Camaro 1Ss
Mercedes-Benz,2013,Gasoline,Automatic,Gray,Accident Reported,Germany,3500.0,130357,13000.0,E-Class E
Ford,2022,Gasoline,Automatic,White,Clean,USA,3500.0,28085,77900.0,F-150 Raptor
Nissan,2011,Gasoline,Automatic,Black,Clean,Japan,1800.0,265541,4000.0,Versa 1.8
Hyundai,2013,Gasoline,Automatic,Silver,Accident Reported,South Korea,1600.0,189097,6500.0,Accent Gls
Mercedes-Benz,2018,Gasoline,Automatic,Black,Clean,Germany,3000.0,116677,60000.0,S-Class S
Audi,2014,Diesel,Automatic,Black,Accident Reported,Germany,3000.0,89421,22500.0,Q5 3.0
Volvo,2019,Gasoline,Automatic,Gray,Clean,Sweden,2000.0,70006,30000.0,Xc60 T5
Mercedes-Benz,2019,Hybrid,Automatic,Black,Clean,Germany,3000.0,56327,83000.0,Amg Gt
GMC,2017,Gasoline,Automatic,White,Accident Reported,USA,5300.0,148109,30000.0,Yukon Slt
Lexus,2016,Gasoline,Automatic,Silver,Clean,Japan,3500.0,206047,18000.0,Gs 350
Jaguar,2018,Gasoline,Automatic,White,Clean,UK,2000.0,30256,26000.0,Xf 25T
Honda,2017,Gasoline,Automatic,Black,Clean,Japan,3500.0,147416,26000.0,Ridgeline Black
Toyota,2019,Gasoline,Automatic,Blue,Accident Reported,Japan,4000.0,147807,30500.0,4Runner Sr5
Dodge,2017,Gasoline,Automatic,Gray,Clean,USA,6400.0,118045,37000.0,Charger R/T
Mercedes-Benz,2022,Gasoline,Automatic,Black,Clean,Germany,2000.0,19111,41598.0,Glc 300
Infiniti,2017,Gasoline,Automatic,Black,Clean,Japan,3000.0,107826,23000.0,Q50 3.0T
BMW,2016,Gasoline,Automatic,White,Accident Reported,Germany,3000.0,189355,19500.0,340 I
Pontiac,2001,Gasoline,Automatic,Gray,Clean,USA,3800.0,114984,10500.0,Firebird Trans
Nissan,2015,Gasoline,Automatic,Silver,Clean,Japan,5600.0,138403,29500.0,Nv Passenger
Lexus,2020,Gasoline,Automatic,Black,Accident Reported,Japan,3500.0,24662,33364.0,Es 350
BMW,2013,Gasoline,Manual,White,Clean,Germany,3000.0,47315,29000.0,135 Is
Lexus,2017,Gasoline,Automatic,Silver,Clean,Japan,3500.0,110837,28450.0,Is 300
Porsche,2012,Gasoline,Automatic,Silver,Clean,Germany,4800.0,202777,17999.0,Cayenne S
Pontiac,2007,Gasoline,Manual,Yellow,Clean,USA,2000.0,41389,17900.0,Solstice Gxp
Porsche,2015,Gasoline,Automatic,Blue,Accident Reported,Germany,4800.0,108164,51950.0,Panamera Turbo
BMW,2018,Gasoline,Automatic,Black,Accident Reported,Germany,3000.0,43797,40950.0,X6 Xdrive35I
Ford,2019,Gasoline,Automatic,Black,Clean,USA,3500.0,68764,45950.0,F-150
MINI,2010,Gasoline,Manual,Yellow,Clean,UK,1600.0,156742,6699.0,Cooper S
Mazda,2015,Gasoline,Automatic,Red,Clean,Japan,2000.0,147576,12000.0,Mazda3 I
Mitsubishi,2011,Gasoline,Automatic,White,Clean,Japan,2000.0,152083,27000.0,Lancer Evolution
Chevrolet,2014,Flex Fuel,Automatic,Black,Clean,USA,5300.0,315913,10995.0,Tahoe Ltz
Cadillac,2015,Gasoline,Automatic,Other,Clean,USA,3600.0,87321,19425.0,Cts 3.6L
Acura,2021,Gasoline,Automatic,White,Clean,Japan,2000.0,58366,39798.0,Rdx W/Advance
Land,2015,Gasoline,Automatic,Black,Clean,UK,3000.0,281634,19500.0,Rover Range
Chevrolet,2015,Gasoline,Automatic,White,Accident Reported,USA,5300.0,255885,26900.0,Suburban 1500
Chevrolet,2016,Gasoline,Automatic,Black,Clean,USA,6200.0,119091,32000.0,Camaro 2Ss
Chevrolet,2011,Hybrid,Automatic,White,Clean,USA,6000.0,133516,20995.0,Silverado 1500
Cadillac,2019,Gasoline,Automatic,Red,Clean,USA,3600.0,87424,27998.0,Xt5 Luxury
Nissan,2019,Gasoline,Automatic,Silver,Clean,Japan,5600.0,96528,29000.0,Armada Sl
Audi,2022,Hybrid,Automatic,Other,Clean,Germany,2000.0,16287,39998.0,Q5 S
BMW,2017,Gasoline,Automatic,White,Accident Reported,Germany,4400.0,40234,65000.0,X6 M
BMW,2012,Gasoline,Automatic,Black,Accident Reported,Germany,3000.0,202777,12700.0,740 I
Toyota,2020,Gasoline,Automatic,White,Clean,Japan,5700.0,60234,61599.0,Sequoia Trd
Volkswagen,2014,Gasoline,Automatic,Black,Accident Reported,Germany,2000.0,160128,15000.0,Jetta Gli
Honda,2012,Gasoline,Automatic,Gray,Clean,Japan,2400.0,146035,12980.0,Crosstour Ex-L
Land,2014,Flex Fuel,Automatic,White,Accident Reported,UK,5000.0,201168,22500.0,Rover Range
Hyundai,2018,Gasoline,Automatic,Blue,Clean,South Korea,2000.0,115340,20000.0,Santa Fe
Cadillac,2019,Gasoline,Automatic,Other,Clean,USA,3600.0,71925,32368.0,Xt5 Luxury
Jaguar,2018,Gasoline,Automatic,Black,Clean,UK,5000.0,25753,74900.0,F-Type R
Toyota,2014,Gasoline,Automatic,Blue,Clean,Japan,4000.0,138403,41500.0,Fj Cruiser
Toyota,2019,Gasoline,Automatic,Blue,Clean,Japan,5700.0,90123,42000.0,Tundra Sr5
RAM,2017,Gasoline,Automatic,Green,Accident Reported,USA,5700.0,67253,42500.0,1500
Ford,2014,Flex Fuel,Automatic,Gray,Clean,USA,2000.0,96736,9499.0,Focus
Mercedes-Benz,2020,Gasoline,Automatic,Black,Clean,Germany,2000.0,77248,49995.0,Gle 350
Acura,2008,Gasoline,Automatic,Gray,Clean,Japan,3500.0,196339,11500.0,Tl Type
Land,2012,Gasoline,Automatic,Gold,Clean,UK,5000.0,165440,16000.0,Rover Range
Mazda,2019,Gasoline,Automatic,Black,Clean,Japan,2500.0,112285,27500.0,Cx-9 Signature
Acura,2023,Gasoline,Automatic,Red,Clean,Japan,2000.0,3409,41998.0,Tlx Tech
Ford,2021,Gasoline,Automatic,Blue,Clean,USA,3500.0,45480,72950.0,F-150 Raptor
Honda,2020,Gasoline,Manual,Gray,Clean,Japan,1500.0,9696,27500.0,Civic Si
Hyundai,2018,Gasoline,Automatic,Gray,Accident Reported,South Korea,2000.0,52621,15900.0,Elantra
Ford,2001,Gasoline,Automatic,White,Clean,USA,6800.0,384632,8000.0,Excursion
Jaguar,2017,Gasoline,Automatic,Black,Clean,UK,3000.0,54959,45999.0,F-Type S
Honda,2022,Gasoline,Automatic,Other,Clean,Japan,3500.0,15517,38999.0,Ridgeline Rtl-E
Pontiac,2006,Gasoline,Automatic,Gray,Clean,USA,3500.0,161811,5995.0,G6 Gtp
Mercedes-Benz,2021,Gasoline,Automatic,Gray,Clean,Germany,2000.0,17881,38998.0,C-Class C300
Toyota,2007,Gasoline,Automatic,Black,Clean,Japan,4000.0,260713,23977.0,Fj Cruiser
Buick,2020,Gasoline,Automatic,Blue,Accident Reported,USA,3600.0,140906,31650.0,Enclave
Chevrolet,2015,Gasoline,Automatic,Silver,Clean,USA,5300.0,164475,25000.0,Tahoe Ltz
Bentley,2013,Gasoline,Automatic,White,Clean,UK,4000.0,30497,77999.0,Continental Gtc
Mercedes-Benz,2015,Gasoline,Automatic,White,Accident Reported,Germany,3500.0,25749,30500.0,Slk-Class Slk
Cadillac,2022,Gasoline,Automatic,Black,Clean,USA,6200.0,30980,86999.0,Escalade Luxury
BMW,2015,Gasoline,Automatic,Silver,Clean,Germany,3000.0,104607,24995.0,535 I
MINI,2007,Gasoline,Manual,Silver,Clean,UK,1600.0,177063,6250.0,Cooper S
Bentley,2012,Flex Fuel,Automatic,White,Clean,UK,6000.0,127281,46999.0,Continental Gt
Lexus,2023,Gasoline,Automatic,Black,Clean,Japan,4600.0,4076,64900.0,Gx 460
Audi,2014,Gasoline,Automatic,Silver,Accident Reported,Germany,3000.0,154936,15495.0,Q7 3.0T
Cadillac,2020,Gasoline,Automatic,Black,Accident Reported,USA,3600.0,35706,45480.0,Ct6 Luxury
GMC,2009,Gasoline,Automatic,Red,Clean,USA,4800.0,220480,20000.0,Sierra 1500
Nissan,2009,Gasoline,Automatic,White,Accident Reported,Japan,3800.0,97763,71999.0,Gt-R
Dodge,2007,Gasoline,Automatic,Blue,Clean,USA,3700.0,58741,16000.0,Ram 1500
Ford,2021,Gasoline,Automatic,Blue,Clean,USA,2700.0,31527,54999.0,Bronco Outer
Nissan,2015,Gasoline,Automatic,White,Clean,Japan,3800.0,27117,95000.0,Gt-R Black
Chevrolet,2012,Gasoline,Automatic,Gray,Accident Reported,USA,1400.0,312212,4900.0,Cruze Lt
Lexus,2020,Gasoline,Automatic,Gray,Accident Reported,Japan,4600.0,77586,47449.0,Gx 460
BMW,2018,Gasoline,Automatic,White,Clean,Germany,4400.0,131161,41250.0,750 I
BMW,2015,Gasoline,Automatic,Blue,Accident Reported,Germany,3000.0,94410,20950.0,535 I
Mitsubishi,2004,Gasoline,Automatic,Silver,Clean,Japan,3800.0,233354,8950.0,Montero
Lexus,2018,Gasoline,Automatic,White,Clean,Japan,3500.0,24229,59000.0,Ls 500
Mazda,2003,Gasoline,Manual,Gray,Clean,Japan,1800.0,75435,11500.0,Mx-5 Miata
Cadillac,2021,Gasoline,Automatic,Black,Clean,USA,6200.0,85567,81500.0,Escalade Esv
Lexus,2022,Gasoline,Automatic,Silver,Accident Reported,Japan,4600.0,57453,51900.0,Gx 460
Nissan,2014,Gasoline,Automatic,Black,Accident Reported,Japan,3500.0,181212,13000.0,Pathfinder Platinum
GMC,2015,Gasoline,Automatic,Black,Accident Reported,USA,5300.0,181134,24440.0,Yukon Sle
BMW,2003,Gasoline,Manual,Silver,Clean,Germany,3200.0,204826,15000.0,M3
Lexus,2007,Gasoline,Automatic,White,Accident Reported,Japan,2500.0,305593,3995.0,Is 250
BMW,2012,Gasoline,Automatic,White,Accident Reported,Germany,3000.0,123058,22500.0,640 I
Mitsubishi,2007,Gasoline,Automatic,Red,Accident Reported,Japan,3800.0,219514,6750.0,Eclipse Spyder
Ford,2004,Gasoline,Automatic,Gray,Clean,USA,3900.0,128160,13500.0,Thunderbird Deluxe
Buick,2011,Gasoline,Automatic,Gold,Accident Reported,USA,3600.0,273588,4000.0,Enclave 1Xl
Ford,2018,Gasoline,Automatic,Blue,Clean,USA,3500.0,108872,30000.0,F-150 Xlt
Lexus,2016,Gasoline,Automatic,White,Clean,Japan,3500.0,192879,19000.0,Es 350
Acura,2008,Gasoline,Manual,Red,Clean,Japan,3500.0,187488,15999.0,Tl Type
Ford,2010,Gasoline,Automatic,Other,Clean,USA,2000.0,273269,9985.0,Transit Connect
BMW,2021,Gasoline,Automatic,Blue,Clean,Germany,3000.0,59393,50000.0,X3 M40I
Jeep,2022,Gasoline,Automatic,Black,Accident Reported,USA,3600.0,13518,47000.0,Gladiator Willys
Hummer,2003,Gasoline,Automatic,Beige,Accident Reported,USA,6000.0,241338,12500.0,H2
Mercedes-Benz,2014,Gasoline,Automatic,White,Clean,Germany,6200.0,135989,41500.0,C-Class C
Mercedes-Benz,2016,Gasoline,Automatic,Blue,Clean,Germany,4000.0,154497,65000.0,G-Class G
Nissan,2009,Gasoline,Automatic,White,Accident Reported,Japan,3800.0,141622,57000.0,Gt-R
Audi,2011,Gasoline,Manual,Other,Clean,Germany,4200.0,56845,94900.0,R8 4.2
Acura,2020,Gasoline,Automatic,White,Clean,Japan,2400.0,52304,32000.0,Tlx A-Spec
Audi,2016,Gasoline,Automatic,Silver,Clean,Germany,3000.0,114714,22000.0,A6 3.0T
Porsche,2011,Gasoline,Automatic,Black,Clean,Germany,3600.0,59867,27500.0,Panamera 2
Saturn,2008,Gasoline,Automatic,White,Clean,USA,2000.0,151746,14500.0,Sky Red
Maserati,2006,Gasoline,Automatic,Blue,Clean,Italy,4200.0,87036,17000.0,Coupe Cambiocorsa
Volvo,2022,Plug-In Hybrid,Automatic,Black,Clean,Sweden,2000.0,12553,66000.0,Xc90 Recharge
Jeep,2016,Gasoline,Automatic,White,Clean,USA,3600.0,138806,22000.0,Wrangler
BMW,2016,Gasoline,Automatic,Silver,Clean,Germany,4400.0,121471,27899.0,X5 Xdrive50I
BMW,2017,Gasoline,Automatic,Silver,Clean,Germany,4400.0,39670,50000.0,750 I
Volkswagen,2013,Gasoline,Manual,Black,Clean,Germany,2000.0,165360,20000.0,Golf R
Alfa,2018,Gasoline,Automatic,Brown,Clean,Italy,2000.0,80467,27500.0,Romeo Stelvio
BMW,2017,Gasoline,Automatic,Gray,Clean,Germany,3000.0,116999,27499.0,X5 Xdrive35I
BMW,2018,Gasoline,Automatic,Black,Accident Reported,Germany,4400.0,87376,49000.0,X6 M
Lexus,2018,Gasoline,Automatic,Blue,Accident Reported,Japan,3500.0,25749,30500.0,Is 300
BMW,2014,Gasoline,Automatic,White,Accident Reported,Germany,2000.0,114263,16700.0,428 I
BMW,2019,Gasoline,Automatic,White,Clean,Germany,3000.0,96560,36500.0,X5 Xdrive40I
Porsche,1998,Gasoline,Manual,Blue,Clean,Germany,2500.0,121568,11995.0,Boxster
Alfa,2017,Gasoline,Automatic,White,Clean,Italy,2000.0,57936,21000.0,Romeo Giulia
Mercedes-Benz,2019,Gasoline,Automatic,Black,Clean,Germany,2000.0,122989,28998.0,C-Class C
Nissan,2016,Gasoline,Automatic,Red,Accident Reported,Japan,3700.0,68558,31950.0,370Z Nismo
Chevrolet,2017,Gasoline,Automatic,White,Accident Reported,USA,6000.0,159144,29000.0,Suburban Lt
Ford,2019,Hybrid,Automatic,Silver,Accident Reported,USA,2000.0,103854,19395.0,Fusion Hybrid
BMW,2011,Gasoline,Automatic,White,Clean,Germany,3000.0,121505,12975.0,X3 Xdrive35I
Buick,2019,Gasoline,Automatic,Black,Clean,USA,2500.0,51499,27000.0,Envision Preferred
Buick,2019,Gasoline,Automatic,White,Clean,USA,2500.0,76989,24991.0,Envision Essence
Porsche,2013,Gasoline,Automatic,Green,Accident Reported,Germany,4800.0,158380,34900.0,Cayenne Gts
Audi,2022,Gasoline,Automatic,White,Clean,Germany,2900.0,15495,78500.0,Rs 5
Jaguar,1999,Gasoline,Automatic,Green,Clean,UK,4000.0,24140,16370.0,Xk8
Honda,2022,Gasoline,Automatic,White,Clean,Japan,3500.0,36313,44998.0,Pilot Black
Lexus,2015,Gasoline,Automatic,White,Clean,Japan,3500.0,177027,28000.0,Rx 350
Toyota,2004,Gasoline,Automatic,Black,Clean,Japan,4000.0,299526,13000.0,4Runner
Jeep,2002,Gasoline,Manual,Yellow,Clean,USA,4000.0,166567,12500.0,Wrangler
Cadillac,2019,Gasoline,Automatic,Black,Clean,USA,4200.0,12994,76700.0,Ct6-V 4.2L
BMW,2011,Gasoline,Manual,Black,Clean,Germany,4000.0,69202,50900.0,M3
BMW,2015,Gasoline,Automatic,Blue,Accident Reported,Germany,4400.0,113780,23000.0,750 I
Chevrolet,2022,Gasoline,Automatic,Black,Clean,USA,1300.0,68363,28495.0,Trailblazer Rs
Ford,2000,Gasoline,Automatic,Black,Accident Reported,USA,6800.0,329915,9950.0,Excursion Xlt
Audi,2019,Gasoline,Automatic,Blue,Clean,Germany,3000.0,35888,38999.0,Sq5 3.0T
Ford,2017,Gasoline,Automatic,Black,Accident Reported,USA,3500.0,167371,19995.0,Expedition El
Ford,2022,Gasoline,Automatic,Other,Clean,USA,1500.0,22313,29182.0,Bronco
BMW,2022,Gasoline,Automatic,Red,Clean,Germany,3000.0,25560,84995.0,M4 Competition
Mercedes-Benz,2021,Gasoline,Automatic,Other,Clean,Germany,3000.0,16871,60998.0,Amg Glc
Chrysler,2015,Flex Fuel,Automatic,White,Accident Reported,USA,3600.0,70811,12700.0,200 C
Hummer,2003,Gasoline,Automatic,Beige,Clean,USA,6000.0,175418,17500.0,H2
BMW,2020,Gasoline,Automatic,Gray,Clean,Germany,3000.0,50453,62450.0,M4
Audi,2021,Hybrid,Automatic,Black,Clean,Germany,3000.0,48280,62000.0,Q8 55
Land,2012,Gasoline,Automatic,Silver,Clean,UK,5000.0,107021,19950.0,Rover Range
Nissan,2012,Gasoline,Automatic,Beige,Accident Reported,Japan,4000.0,155462,17000.0,Frontier Sv
Toyota,2015,Gasoline,Automatic,White,Clean,Japan,3500.0,318649,14000.0,Highlander
Audi,2013,Gasoline,Automatic,Black,Accident Reported,Germany,3000.0,147861,24000.0,S4 3.0T
Ford,2018,Gasoline,Automatic,White,Clean,USA,3500.0,73350,45023.0,Expedition Max
BMW,2015,Gasoline,Manual,Black,Accident Reported,Germany,2000.0,86904,19996.0,228 I
Land,2020,Hybrid,Automatic,Gray,Clean,UK,3000.0,83686,55000.0,Rover Range
Mercedes-Benz,2020,Hybrid,Automatic,Other,Clean,Germany,3000.0,37086,72598.0,E-Class Amg
Porsche,2008,Gasoline,Manual,Black,Clean,Germany,3600.0,213238,35000.0,911 Carrera
Dodge,2006,Gasoline,Automatic,Black,Clean,USA,4700.0,411991,4000.0,Dakota Slt
Mercedes-Benz,2009,Gasoline,Automatic,White,Clean,Germany,6300.0,50485,65700.0,Sl-Class Sl63
Chrysler,2008,Gasoline,Automatic,Blue,Clean,USA,2400.0,108313,4900.0,Sebring Lx
Ford,2023,Gasoline,Automatic,Blue,Clean,USA,2300.0,26554,54000.0,Bronco Outer
Toyota,2018,Gasoline,Manual,Other,Clean,Japan,3500.0,46349,42900.0,Tacoma Trd
RAM,2019,Gasoline,Automatic,White,Accident Reported,USA,3600.0,141622,39900.0,Promaster 2500
Ford,2018,Gasoline,Manual,White,Accident Reported,USA,5200.0,29797,60867.0,Shelby Gt350
Volvo,2019,Gasoline,Automatic,White,Accident Reported,Sweden,2000.0,94307,29000.0,Xc60 T6
Lexus,2015,Gasoline,Automatic,White,Clean,Japan,4600.0,119896,33900.0,Ls 460
Cadillac,2023,Gasoline,Automatic,White,Clean,USA,3600.0,357,69000.0,Xt6 Luxury
Chevrolet,2007,Flex Fuel,Automatic,Red,Clean,USA,5300.0,120900,16499.0,Avalanche 1500
Chevrolet,2013,Gasoline,Automatic,White,Clean,USA,6200.0,24945,45000.0,Corvette Grand
Audi,2020,Hybrid,Automatic,Gray,Clean,Germany,3000.0,55200,52500.0,Q8 55
Honda,2019,Gasoline,Automatic,Silver,Clean,Japan,3500.0,131966,32471.0,Odyssey Elite
Acura,2023,Gasoline,Automatic,White,Clean,Japan,2000.0,5454,38598.0,Tlx
Cadillac,2005,Gasoline,Automatic,Beige,Accident Reported,USA,3600.0,154497,4999.0,Sts
Dodge,2021,Gasoline,Automatic,Black,Clean,USA,5700.0,12474,41950.0,Charger R/T
Audi,2017,Gasoline,Automatic,Gray,Accident Reported,Germany,4000.0,106619,59200.0,Rs 7
Lexus,2012,Hybrid,Automatic,White,Accident Reported,Japan,1800.0,175418,14945.0,Ct 200H
Hyundai,2015,Gasoline,Automatic,Black,Clean,South Korea,3800.0,96560,17000.0,Genesis Coupe
Mercedes-Benz,2022,Gasoline,Automatic,Black,Clean,Germany,2000.0,14494,56999.0,E-Class E
Toyota,2022,Gasoline,Automatic,Silver,Clean,Japan,2400.0,21565,33499.0,Gr86
Porsche,2020,Gasoline,Automatic,White,Clean,Germany,3000.0,45979,55998.0,Macan S
Dodge,2018,Gasoline,Automatic,White,Accident Reported,USA,6400.0,125529,44700.0,Durango Srt
Lexus,2013,Gasoline,Automatic,Gray,Accident Reported,Japan,5700.0,215652,29995.0,Lx 570
Kia,2013,Hybrid,Automatic,Black,Clean,South Korea,2400.0,168971,9000.0,Optima Hybrid
Alfa,2020,Gasoline,Automatic,Black,Clean,Italy,2000.0,48280,28900.0,Romeo Giulia
Toyota,2017,Flex Fuel,Automatic,Silver,Clean,Japan,5700.0,107826,37999.0,Sequoia
Kia,2021,Gasoline,Automatic,Gray,Clean,South Korea,1600.0,13298,29000.0,K5 Ex
RAM,2021,Gasoline,Automatic,White,Clean,USA,5700.0,56332,40999.0,1500 Big
Chevrolet,2008,Gasoline,Automatic,Red,Clean,USA,6200.0,128747,31000.0,Corvette
Jaguar,2014,Gasoline,Automatic,Green,Accident Reported,UK,5000.0,120049,32450.0,F-Type S
Audi,2013,Gasoline,Automatic,Silver,Clean,Germany,3000.0,140119,20999.0,A7 3.0T
Audi,2019,Gasoline,Automatic,Other,Clean,Germany,3000.0,61734,49936.0,Q8 3.0T
Kia,2020,Gasoline,Automatic,Green,Clean,South Korea,3800.0,61155,41999.0,Telluride Sx
Toyota,2018,Hybrid,Automatic,White,Accident Reported,Japan,2500.0,112076,23995.0,Camry Hybrid
Toyota,2022,Gasoline,Automatic,Blue,Clean,Japan,2400.0,2052,47999.0,Gr86
BMW,2001,Gasoline,Manual,Black,Clean,Germany,3200.0,96560,25000.0,M3
Jeep,2014,Gasoline,Manual,Gray,Clean,USA,3600.0,160049,21000.0,Wrangler Rubicon
Toyota,2023,Hybrid,Automatic,Blue,Clean,Japan,3400.0,322,82500.0,Tundra Hybrid
Porsche,2016,Gasoline,Automatic,Gray,Accident Reported,Germany,3600.0,109435,32950.0,Panamera 4
Lexus,2010,Gasoline,Automatic,Gray,Accident Reported,Japan,3500.0,341180,9450.0,Gs 350
GMC,2019,Diesel,Automatic,White,Accident Reported,USA,6600.0,117628,58500.0,Sierra 3500
Kia,2023,Plug-In Hybrid,Automatic,Black,Clean,South Korea,1600.0,15128,31500.0,Niro Plug-In
Porsche,2014,Gasoline,Automatic,Black,Accident Reported,Germany,3600.0,189414,16975.0,Cayenne
Mercedes-Benz,2015,Gasoline,Automatic,Silver,Clean,Germany,6000.0,153576,55000.0,S-Class S
Lexus,2017,Gasoline,Automatic,Gray,Clean,Japan,4600.0,187166,31950.0,Gx 460
Acura,2019,Hybrid,Automatic,Black,Clean,Japan,3000.0,91375,41899.0,Mdx Hybrid
Audi,2023,Hybrid,Automatic,Other,Clean,Germany,2000.0,9144,48698.0,Q5 S
BMW,2017,Gasoline,Automatic,Gray,Clean,Germany,2000.0,59546,31000.0,530 I
Kia,2015,Gasoline,Automatic,Gray,Clean,South Korea,2000.0,166966,8500.0,Forte Koup
Toyota,2005,Gasoline,Automatic,Silver,Clean,Japan,4700.0,138403,22500.0,Sequoia
Land,2013,Gasoline,Automatic,Black,Clean,UK,5000.0,202616,21000.0,Rover Lr4
Nissan,2023,Gasoline,Automatic,Black,Clean,Japan,5600.0,9978,48000.0,Titan Sv
Ford,2019,Diesel,Automatic,Black,Accident Reported,USA,6700.0,136794,52500.0,F-250 Lariat
Mercedes-Benz,2017,Gasoline,Automatic,Gray,Clean,Germany,4000.0,31099,75000.0,Amg Gt
Cadillac,2018,Gasoline,Automatic,Red,Clean,USA,6200.0,79297,54000.0,Escalade Platinum
BMW,2017,Gasoline,Automatic,Blue,Clean,Germany,3000.0,70811,55000.0,M3
Dodge,2010,Gasoline,Manual,Orange,Clean,USA,6100.0,112654,22000.0,Challenger Srt8
Mercedes-Benz,2016,Diesel,Automatic,White,Clean,Germany,2100.0,230602,33490.0,Sprinter 2500
Ford,2019,Diesel,Automatic,White,Clean,USA,6700.0,111374,73500.0,F-350 Platinum
Chevrolet,2015,Gasoline,Automatic,White,Clean,USA,5300.0,198753,25650.0,Tahoe Ltz
Audi,2018,Gasoline,Automatic,White,Clean,Germany,3000.0,113898,30950.0,Q7 3.0T
Jeep,2015,Gasoline,Automatic,Gray,Accident Reported,USA,2000.0,175418,7599.0,Patriot Latitude
Infiniti,2014,Gasoline,Automatic,Black,Clean,Japan,3700.0,114419,18995.0,Qx70
Cadillac,2014,Gasoline,Automatic,Silver,Accident Reported,USA,2500.0,129391,15000.0,Ats 2.5L
Toyota,2010,Gasoline,Automatic,Black,Accident Reported,Japan,2500.0,198947,9900.0,Rav4
Acura,2011,Gasoline,Automatic,Red,Clean,Japan,2400.0,302368,5500.0,Tsx Technology
Honda,2022,Gasoline,Automatic,Red,Clean,Japan,2000.0,40909,24500.0,Civic
BMW,2011,Gasoline,Manual,White,Clean,Germany,4000.0,209213,29999.0,M3
BMW,2008,Gasoline,Automatic,Gray,Clean,Germany,4000.0,66060,38490.0,M3
Nissan,2010,Gasoline,Manual,Brown,Clean,Japan,1800.0,116677,6750.0,Cube 1.8
RAM,2014,Gasoline,Automatic,White,Clean,USA,3600.0,230763,13000.0,Promaster 3500
Acura,2018,Gasoline,Automatic,Gray,Accident Reported,Japan,3500.0,110119,23500.0,Rdx
Toyota,2018,Gasoline,Automatic,Silver,Clean,Japan,4000.0,152887,33000.0,4Runner
RAM,2019,Gasoline,Automatic,Gray,Accident Reported,USA,5700.0,46671,49500.0,1500
Chevrolet,2003,Gasoline,Automatic,Blue,Clean,USA,5700.0,233354,22000.0,Corvette
Jeep,2011,Gasoline,Automatic,White,Clean,USA,5700.0,158774,14995.0,Grand Cherokee
Volvo,2009,Gasoline,Automatic,Black,Clean,Sweden,3000.0,157096,10500.0,S80 T6
Porsche,2014,Gasoline,Automatic,Black,Clean,Germany,4800.0,57936,37000.0,Cayenne S
Mazda,2021,Gasoline,Automatic,Black,Clean,Japan,2500.0,99576,22389.0,Cx-30 Select
Chrysler,2012,Flex Fuel,Automatic,Black,Clean,USA,3600.0,120028,8500.0,Town &
Infiniti,2013,Gasoline,Automatic,Gray,Clean,Japan,3700.0,82881,23900.0,Fx37
Toyota,2007,Gasoline,Automatic,Silver,Clean,Japan,4000.0,311934,14950.0,Fj Cruiser
Chevrolet,2019,Gasoline,Automatic,Blue,Clean,USA,5300.0,85992,36950.0,Silverado 1500
Mercedes-Benz,2012,Gasoline,Automatic,Silver,Accident Reported,Germany,6300.0,165762,40000.0,C-Class C
BMW,2016,Gasoline,Automatic,Black,Accident Reported,Germany,2000.0,94951,20999.0,428 Gran
Lexus,2017,Gasoline,Automatic,Gray,Clean,Japan,4600.0,131966,32900.0,Gx 460
Porsche,2016,Gasoline,Automatic,Gray,Clean,Germany,3600.0,96560,45000.0,Panamera Edition
Cadillac,2017,Gasoline,Automatic,White,Clean,USA,6200.0,151231,47000.0,Escalade Esv
Lexus,2015,Gasoline,Automatic,Gray,Clean,Japan,3500.0,100745,27500.0,Is 350
Mercedes-Benz,2014,Gasoline,Automatic,Gray,Clean,Germany,3500.0,135909,19000.0,E-Class E
Audi,2022,Hybrid,Automatic,Gray,Clean,Germany,2000.0,29127,40798.0,Q5 S
Mercedes-Benz,2014,Gasoline,Automatic,Silver,Clean,Germany,3500.0,123115,17999.0,E-Class E
Chevrolet,2017,Gasoline,Automatic,Yellow,Clean,USA,2000.0,119091,19800.0,Camaro 1Lt
RAM,2022,Gasoline,Automatic,Silver,Clean,USA,5700.0,25117,45999.0,1500 Laramie
Chevrolet,2014,Flex Fuel,Automatic,White,Accident Reported,USA,5300.0,178790,26000.0,Silverado 1500
Toyota,2007,Gasoline,Automatic,Red,Accident Reported,Japan,3300.0,59893,14995.0,Camry Solara
Jaguar,2015,Gasoline,Automatic,Blue,Clean,UK,3000.0,41498,38500.0,F-Type S
Jeep,2021,Gasoline,Automatic,Gray,Clean,USA,3600.0,24977,40459.0,Gladiator
RAM,2021,Gasoline,Automatic,Silver,Clean,USA,5700.0,79796,42816.0,1500 Big
Porsche,2015,Diesel,Automatic,Black,Clean,Germany,3000.0,156589,29995.0,Cayenne Diesel
Chevrolet,2002,Gasoline,Automatic,Silver,Clean,USA,3800.0,143231,10400.0,Camaro
Porsche,2015,Gasoline,Automatic,Black,Accident Reported,Germany,3600.0,83864,37500.0,Cayenne S
Dodge,2019,Gasoline,Automatic,Gray,Clean,USA,6400.0,121988,35998.0,Challenger R/T
Lexus,2010,Gasoline,Automatic,Red,Accident Reported,Japan,3500.0,182660,11000.0,Es 350
Audi,2015,Gasoline,Automatic,Brown,Accident Reported,Germany,2000.0,250062,13500.0,Q3
Mercedes-Benz,2016,Gasoline,Automatic,White,Accident Reported,Germany,4700.0,79892,33995.0,E-Class E
BMW,2015,Gasoline,Automatic,White,Clean,Germany,4400.0,123073,32000.0,650 I
Porsche,2016,Gasoline,Automatic,Red,Clean,Germany,2700.0,16787,50999.0,Cayman
Infiniti,2009,Gasoline,Automatic,Gray,Accident Reported,Japan,5000.0,305968,12500.0,Fx50
Ford,2020,Gasoline,Automatic,Gray,Clean,USA,3500.0,148059,29999.0,F-150 Xlt
Chevrolet,2017,Gasoline,Manual,Yellow,Clean,USA,3600.0,38624,32000.0,Camaro 2Lt
RAM,2020,Gasoline,Automatic,Other,Clean,USA,5700.0,40871,43250.0,1500 Big
Chevrolet,2001,Gasoline,Automatic,White,Accident Reported,USA,6000.0,268760,6500.0,Silverado 2500
RAM,2022,Gasoline,Automatic,Black,Clean,USA,5700.0,30006,49700.0,1500 Laramie
Ford,2016,Gasoline,Automatic,White,Clean,USA,3700.0,86904,23999.0,Mustang
Hyundai,2003,Gasoline,Manual,Blue,Clean,South Korea,1600.0,133575,2900.0,Accent Gl
Audi,2022,Hybrid,Automatic,Black,Clean,Germany,2000.0,16208,40598.0,Q5 S
Ford,2021,Gasoline,Automatic,Other,Clean,USA,3500.0,69731,43642.0,F-150 Xlt
Lexus,2015,Gasoline,Automatic,Silver,Clean,Japan,5000.0,82720,43000.0,Rc F
Chevrolet,2015,Flex Fuel,Automatic,Silver,Accident Reported,USA,5300.0,247516,23000.0,Suburban 1500
Dodge,2003,Gasoline,Manual,Silver,Clean,USA,8300.0,17381,65499.0,Viper Srt-10
RAM,2020,Gasoline,Automatic,Red,Clean,USA,5700.0,16830,48815.0,1500 Laramie
BMW,2014,Gasoline,Automatic,Silver,Clean,Germany,2000.0,136326,13800.0,328 I
Mercedes-Benz,2019,Gasoline,Automatic,Red,Clean,Germany,3000.0,53913,45770.0,Amg C
BMW,2015,Gasoline,Automatic,Black,Clean,Germany,3000.0,157715,32999.0,M4
BMW,2008,Gasoline,Automatic,Green,Accident Reported,Germany,4800.0,152329,7300.0,750 I
Ford,2023,Gasoline,Automatic,Black,Clean,USA,3500.0,14936,85000.0,Expedition
Chevrolet,2023,Gasoline,Automatic,White,Clean,USA,3600.0,19000,47000.0,Traverse Premier
Cadillac,2020,Gasoline,Automatic,Black,Accident Reported,USA,6200.0,78235,61500.0,Escalade Platinum
RAM,2023,Diesel,Automatic,White,Accident Reported,USA,6700.0,4812,69900.0,3500 Tradesman
Audi,2005,Gasoline,Automatic,Silver,Clean,Germany,1800.0,200760,6900.0,Tt 1.8L
RAM,2021,Hybrid,Automatic,Silver,Clean,USA,5700.0,38624,42000.0,1500 Big
Mazda,2009,Gasoline,Automatic,Gray,Clean,Japan,2300.0,181855,5499.0,Cx-7
Infiniti,2017,Gasoline,Automatic,White,Clean,Japan,3500.0,143402,18000.0,Qx60
Ford,2017,Flex Fuel,Automatic,Beige,Accident Reported,USA,6200.0,35405,53000.0,F-250 Platinum
Jeep,2022,Gasoline,Automatic,Red,Clean,USA,2400.0,32946,28298.0,Compass
Chevrolet,2022,Gasoline,Automatic,White,Clean,USA,5300.0,7649,57000.0,Silverado 1500
Chevrolet,2021,Gasoline,Manual,Blue,Clean,USA,6200.0,24140,43500.0,Camaro 1Ss
Chevrolet,1997,Diesel,Automatic,Green,Accident Reported,USA,6500.0,368539,19500.0,Tahoe
Audi,2014,Diesel,Automatic,Silver,Clean,Germany,3000.0,68236,26500.0,A6 3.0
Land,2023,Gasoline,Automatic,White,Clean,UK,2000.0,25492,69900.0,Rover Defender
Porsche,2016,Gasoline,Automatic,Gray,Clean,Germany,3600.0,122632,42000.0,Cayenne S
Chevrolet,2019,Gasoline,Automatic,Black,Clean,USA,5300.0,170054,39000.0,Suburban Premier
Chevrolet,2019,Gasoline,Automatic,White,Clean,USA,5300.0,82620,49900.0,Suburban Premier
Dodge,2016,Gasoline,Manual,Black,Accident Reported,USA,2000.0,123689,8100.0,Dart
Ford,2019,Flex Fuel,Automatic,White,Clean,USA,6200.0,129069,42500.0,F-250 Lariat
Toyota,2002,Gasoline,Automatic,White,Accident Reported,Japan,4700.0,393001,3950.0,Sequoia Sr5
Ford,2014,Gasoline,Manual,Black,Accident Reported,USA,5000.0,62056,28500.0,Mustang Gt
Chevrolet,2020,Gasoline,Automatic,Yellow,Clean,USA,6200.0,20117,84999.0,Corvette Stingray
Hyundai,2016,Gasoline,Automatic,White,Clean,South Korea,3800.0,72908,20999.0,Genesis Coupe
Ford,2014,Gasoline,Manual,Silver,Clean,USA,2000.0,177027,9495.0,Focus St
Cadillac,2011,Gasoline,Automatic,Black,Clean,USA,3000.0,106538,16499.0,Cts Luxury
Subaru,2003,Gasoline,Manual,Red,Clean,Japan,2500.0,114263,14900.0,Baja
Toyota,2019,Gasoline,Automatic,Black,Clean,Japan,3500.0,130841,30275.0,Highlander
Chevrolet,2019,Gasoline,Automatic,White,Clean,USA,6200.0,11318,63900.0,Corvette Stingray
Dodge,2020,Gasoline,Automatic,Gray,Clean,USA,6400.0,57936,62000.0,Durango Srt
Acura,2010,Gasoline,Manual,Silver,Accident Reported,Japan,2400.0,186683,9000.0,Tsx 2.4
Chevrolet,2018,Gasoline,Automatic,Black,Accident Reported,USA,6200.0,68848,41100.0,Camaro 2Ss
BMW,2014,Gasoline,Automatic,Black,Accident Reported,Germany,3000.0,64190,26000.0,640 Gran
Audi,2014,Gasoline,Automatic,Gray,Clean,Germany,3000.0,243654,15400.0,S5 3.0T
Alfa,2017,Gasoline,Automatic,Red,Clean,Italy,2000.0,77248,20500.0,Romeo Giulia
Toyota,2023,Gasoline,Automatic,Other,Clean,Japan,2400.0,14045,44596.0,Highlander
Rolls-Royce,2011,Gasoline,Automatic,Black,Accident Reported,UK,6600.0,127138,80300.0,Ghost
Dodge,2020,Gasoline,Automatic,Gray,Clean,USA,5700.0,86904,34000.0,Challenger R/T
Porsche,2016,Gasoline,Automatic,White,Accident Reported,Germany,3600.0,177027,25900.0,Cayenne
Mercedes-Benz,2020,Gasoline,Automatic,Black,Clean,Germany,2000.0,22531,48000.0,Metris
Chevrolet,2022,Gasoline,Automatic,Silver,Clean,USA,6200.0,18664,68590.0,Silverado 1500
Mercedes-Benz,2017,Gasoline,Automatic,Gray,Accident Reported,Germany,5500.0,138566,72777.0,Amg S
Chevrolet,2017,Gasoline,Automatic,Black,Clean,USA,5300.0,94655,36590.0,Silverado 1500
Lexus,2016,Gasoline,Automatic,Silver,Clean,Japan,3500.0,125297,30919.0,Rc 350
GMC,2015,Gasoline,Automatic,Other,Accident Reported,USA,3600.0,185528,12433.0,Acadia Sle-1
MINI,2003,Gasoline,Manual,Red,Accident Reported,UK,1600.0,166930,5995.0,Cooper
Mazda,2008,Gasoline,Automatic,Blue,Clean,Japan,2000.0,64052,13250.0,Mx-5 Miata
Toyota,2019,Gasoline,Automatic,White,Clean,Japan,4000.0,127943,33333.0,4Runner Trd
Toyota,2008,Gasoline,Automatic,Gray,Accident Reported,Japan,3500.0,266378,9000.0,Highlander
BMW,2014,Gasoline,Automatic,Black,Accident Reported,Germany,4400.0,148059,24000.0,650 Gran
Hyundai,2023,Gasoline,Automatic,Green,Clean,South Korea,3800.0,2414,55000.0,Palisade Calligraphy
Pontiac,2008,Gasoline,Manual,Orange,Clean,USA,2000.0,61316,19950.0,Solstice Gxp
Land,2018,Gasoline,Automatic,White,Clean,UK,2000.0,67793,38999.0,Rover Range
Porsche,2014,Diesel,Automatic,Silver,Clean,Germany,3000.0,139720,33500.0,Cayenne Diesel
BMW,2023,Gasoline,Automatic,Gray,Clean,Germany,3000.0,5617,95580.0,M3 Competition
Toyota,2008,Gasoline,Automatic,Gold,Clean,Japan,3500.0,179120,7900.0,Avalon
BMW,2011,Gasoline,Automatic,White,Clean,Germany,4000.0,158037,27000.0,M3
Porsche,2018,Gasoline,Automatic,Black,Accident Reported,Germany,3000.0,68397,53999.0,Panamera
Jeep,2001,Gasoline,Manual,White,Accident Reported,USA,4000.0,275197,15000.0,Wrangler
Mercedes-Benz,2013,Gasoline,Automatic,Silver,Accident Reported,Germany,4600.0,40126,40250.0,Sl-Class Sl
Audi,2007,Gasoline,Manual,Gray,Clean,Germany,4200.0,160562,29995.0,Rs 4
Toyota,2022,Gasoline,Automatic,Other,Clean,Japan,3500.0,26000,39390.0,Avalon
Mercedes-Benz,2008,Gasoline,Automatic,White,Clean,Germany,3500.0,108228,11900.0,E-Class E
GMC,2021,Gasoline,Automatic,Blue,Accident Reported,USA,6200.0,48316,74500.0,Yukon Denali
Porsche,2017,Gasoline,Automatic,Black,Clean,Germany,2900.0,68551,78000.0,Panamera 4S
Ford,2021,Gasoline,Automatic,White,Accident Reported,USA,2300.0,54243,36995.0,Explorer Xlt
Land,2016,Gasoline,Automatic,White,Clean,UK,3000.0,101871,31000.0,Rover Lr4
Acura,2023,Gasoline,Automatic,Red,Clean,Japan,3000.0,7564,52000.0,Tlx Type
Toyota,2020,Gasoline,Manual,Black,Clean,Japan,3500.0,43864,42998.0,Tacoma
Hummer,2010,Gasoline,Automatic,White,Clean,USA,3700.0,172973,13500.0,H3
Jeep,2017,Gasoline,Automatic,Gray,Clean,USA,3600.0,205996,26800.0,Wrangler Unlimited
Chevrolet,2018,Gasoline,Automatic,White,Clean,USA,6200.0,41843,39000.0,Camaro 2Ss
Audi,2015,Gasoline,Automatic,Blue,Clean,Germany,4000.0,119091,29950.0,S6 4.0T
Infiniti,2012,Gasoline,Automatic,White,Clean,Japan,5600.0,228164,11500.0,Qx56
Volkswagen,2001,Gasoline,Automatic,Yellow,Clean,Germany,2000.0,101791,12000.0,New Beetle
Audi,2022,Hybrid,Automatic,Gray,Clean,Germany,2000.0,22362,44998.0,Q5 S
Ford,2014,Flex Fuel,Automatic,Blue,Accident Reported,USA,6200.0,57775,27900.0,F-250 Xl
GMC,2022,Gasoline,Automatic,White,Accident Reported,USA,6200.0,77741,71999.0,Yukon Xl
Audi,2012,Gasoline,Automatic,Black,Clean,Germany,2000.0,201168,10500.0,A4
Mazda,2021,Gasoline,Automatic,White,Clean,Japan,2500.0,72908,25382.0,Cx-30 Package
Lexus,2016,Gasoline,Automatic,Red,Clean,Japan,3500.0,86743,27500.0,Es 350
Jeep,2008,Gasoline,Automatic,Green,Clean,USA,3800.0,86904,20000.0,Wrangler Sahara
Chevrolet,2007,Gasoline,Automatic,White,Clean,USA,6000.0,207605,17950.0,Avalanche 1500
Jeep,2022,Gasoline,Automatic,Black,Clean,USA,3600.0,16467,44646.0,Grand Cherokee
Acura,2023,Gasoline,Automatic,White,Clean,Japan,3500.0,5967,58998.0,Mdx W/Advance
Subaru,2022,Gasoline,Automatic,Other,Accident Reported,Japan,2000.0,16768,24998.0,Impreza
Audi,2014,Gasoline,Automatic,Black,Accident Reported,Germany,4000.0,154880,22500.0,A8 4.0T
Subaru,2022,Gasoline,Automatic,White,Clean,Japan,2400.0,20439,38500.0,Ascent 7-Passenger
Chevrolet,2007,Flex Fuel,Automatic,Gray,Clean,USA,5300.0,392679,16900.0,Avalanche 1500
Porsche,2015,Gasoline,Automatic,White,Clean,Germany,3600.0,199558,25000.0,Cayenne S
BMW,2009,Gasoline,Automatic,Purple,Clean,Germany,3000.0,197949,15000.0,335 I
GMC,2022,Gasoline,Automatic,Black,Clean,USA,2700.0,40073,49900.0,Sierra 1500
Ford,2016,Gasoline,Automatic,Black,Clean,USA,3500.0,153692,20000.0,Explorer
Lexus,2021,Gasoline,Automatic,White,Clean,Japan,5700.0,77731,82000.0,Lx 570
BMW,2008,Gasoline,Manual,Gray,Clean,Germany,4000.0,151278,25999.0,M3
Nissan,2011,Gasoline,Automatic,Black,Accident Reported,Japan,4000.0,294509,12000.0,Xterra Pro-4X
Ford,2013,Hybrid,Automatic,Silver,Accident Reported,USA,2000.0,203139,11500.0,Fusion Hybrid
Volkswagen,2016,Gasoline,Manual,Gray,Clean,Germany,2000.0,141448,16000.0,Golf Gti
Cadillac,2012,Gasoline,Automatic,Red,Clean,USA,6200.0,72420,41500.0,Cts-V
Lexus,2015,Gasoline,Automatic,Black,Clean,Japan,4600.0,170590,37500.0,Gx 460
GMC,2019,Gasoline,Automatic,Black,Accident Reported,USA,2500.0,82559,25500.0,Acadia Slt-1
Ford,2021,Gasoline,Automatic,Black,Clean,USA,1500.0,48563,28979.0,Bronco Big
Nissan,2021,Gasoline,Automatic,Black,Clean,Japan,5600.0,44415,39884.0,Titan Sv
Volkswagen,2012,Gasoline,Automatic,Black,Clean,Germany,2500.0,172199,9499.0,Jetta Sportwagen
Land,2019,Gasoline,Automatic,Black,Clean,UK,5000.0,28163,65000.0,Rover Range
RAM,2017,Diesel,Automatic,Red,Clean,USA,6700.0,189706,42000.0,2500 Laramie
Nissan,2010,Gasoline,Automatic,Gray,Accident Reported,Japan,3500.0,223215,7000.0,Murano Sl
Cadillac,2009,Flex Fuel,Automatic,White,Accident Reported,USA,6200.0,244729,12350.0,Escalade Esv
BMW,2016,Gasoline,Automatic,White,Accident Reported,Germany,2000.0,123919,26999.0,428 I
Ford,2017,Gasoline,Manual,Gray,Clean,USA,2300.0,41843,37000.0,Focus Rs
Lexus,2014,Hybrid,Automatic,Brown,Clean,Japan,1800.0,211145,14000.0,Ct 200H
Buick,2017,Gasoline,Automatic,Other,Clean,USA,3600.0,134026,20599.0,Enclave Leather
BMW,2015,Gasoline,Manual,Gray,Clean,Germany,3000.0,94951,53500.0,M3
Volkswagen,2020,Gasoline,Automatic,Silver,Clean,Germany,2000.0,24945,30000.0,Arteon R-Line
BMW,2013,Gasoline,Automatic,White,Clean,Germany,3000.0,144841,19950.0,X6 Xdrive35I
Infiniti,2006,Gasoline,Automatic,White,Accident Reported,Japan,3500.0,151278,10995.0,G35
Hummer,2008,Gasoline,Automatic,White,Accident Reported,USA,6200.0,102595,55000.0,H2
Mercedes-Benz,2011,Gasoline,Automatic,Black,Accident Reported,Germany,3000.0,153692,15990.0,C-Class C
Acura,2019,Gasoline,Automatic,White,Clean,Japan,2400.0,60994,26000.0,Ilx Package
RAM,2019,Gasoline,Automatic,Black,Accident Reported,USA,5700.0,122711,40995.0,1500 Longhorn
BMW,2001,Gasoline,Manual,Blue,Clean,Germany,3200.0,130357,39000.0,M3
Chevrolet,2022,Gasoline,Automatic,Black,Clean,USA,5300.0,60843,60894.0,Suburban Lt
Dodge,2010,Gasoline,Automatic,Brown,Accident Reported,USA,5700.0,243886,17700.0,Ram 2500
Chevrolet,2012,Gasoline,Automatic,Yellow,Clean,USA,6200.0,97116,26950.0,Camaro 2Ss
Dodge,2010,Gasoline,Automatic,Gray,Clean,USA,3500.0,145331,12000.0,Challenger
Jeep,2022,Gasoline,Automatic,Red,Clean,USA,3600.0,21364,42599.0,Grand Cherokee
Chevrolet,2018,Gasoline,Automatic,White,Clean,USA,6200.0,13937,45000.0,Camaro 2Ss
Ford,2021,Diesel,Automatic,Silver,Clean,USA,6700.0,45416,73600.0,F-350 Lariat
Ford,2015,Diesel,Automatic,Black,Clean,USA,6700.0,157233,39950.0,F-250 King
Chevrolet,2023,Gasoline,Automatic,White,Clean,USA,6200.0,6759,98000.0,Corvette Stingray
Lincoln,2016,Gasoline,Automatic,White,Clean,USA,2000.0,160934,24000.0,Mkc Reserve
Ford,2001,Diesel,Automatic,Black,Accident Reported,USA,7300.0,536491,17000.0,Excursion
Land,2018,Gasoline,Automatic,Blue,Clean,UK,3000.0,101863,29993.0,Rover Discovery
Land,2022,Gasoline,Automatic,Black,Clean,UK,5000.0,4828,96500.0,Rover Defender
Chevrolet,2014,Flex Fuel,Automatic,Gray,Clean,USA,5300.0,165125,25500.0,Silverado 1500
Ford,2019,Flex Fuel,Automatic,White,Clean,USA,6200.0,199558,40100.0,F-250 Xlt
Lexus,2018,Gasoline,Automatic,Black,Clean,Japan,5700.0,63247,69500.0,Lx 570
Infiniti,2019,Gasoline,Automatic,Gray,Accident Reported,Japan,3500.0,82076,29000.0,Qx60 Luxe
Land,2017,Gasoline,Automatic,Gray,Clean,UK,3000.0,107826,35999.0,Rover Range
Hyundai,2013,Gasoline,Automatic,Gray,Clean,South Korea,2400.0,220465,11000.0,Sonata Gls
Toyota,2022,Gasoline,Automatic,Blue,Clean,Japan,3400.0,6371,55000.0,Tundra
Jeep,2020,Gasoline,Automatic,Purple,Clean,USA,3600.0,76444,31000.0,Grand Cherokee
Ford,2005,Diesel,Automatic,White,Accident Reported,USA,6000.0,284356,13000.0,F-350 Lariat
Mercedes-Benz,2014,Gasoline,Automatic,Black,Clean,Germany,4700.0,55683,27500.0,Cls-Class Cls
RAM,2014,Gasoline,Automatic,Black,Clean,USA,6400.0,135989,34000.0,2500 Slt
Kia,2022,Hybrid,Automatic,Black,Clean,South Korea,1600.0,58097,37500.0,Sorento Hybrid
Hyundai,2015,Gasoline,Automatic,Black,Accident Reported,South Korea,3800.0,148421,17000.0,Genesis 3.8
Jeep,2020,Gasoline,Automatic,Silver,Clean,USA,2400.0,28163,25695.0,Compass Latitude
Ford,2011,Gasoline,Automatic,Black,Clean,USA,2500.0,183985,6000.0,Fusion
Toyota,2014,Gasoline,Automatic,Beige,Clean,Japan,4000.0,148059,27500.0,Fj Cruiser
BMW,2018,Gasoline,Automatic,Other,Clean,Germany,2000.0,46711,29998.0,430 Gran
Dodge,2021,Gasoline,Automatic,Blue,Clean,USA,6400.0,27359,65000.0,Durango Srt
Hyundai,2015,Gasoline,Automatic,White,Clean,South Korea,3300.0,155263,13000.0,Santa Fe
Volkswagen,2021,Gasoline,Automatic,Black,Clean,Germany,3600.0,58437,39127.0,Atlas 3.6L
Land,2016,Gasoline,Automatic,Silver,Clean,UK,5000.0,91478,35000.0,Rover Range
Nissan,2021,Gasoline,Automatic,Other,Clean,Japan,3500.0,38104,29510.0,Murano Sv
Buick,2020,Gasoline,Automatic,White,Clean,USA,2500.0,43999,31700.0,Envision Essence
Pontiac,2009,Gasoline,Automatic,Red,Accident Reported,USA,2000.0,196900,10000.0,Solstice Gxp
BMW,2015,Gasoline,Automatic,Black,Clean,Germany,3000.0,157715,22500.0,640 Gran
MINI,2019,Gasoline,Automatic,Red,Clean,UK,2000.0,30573,26750.0,Countryman Cooper
Porsche,2016,Gasoline,Automatic,Gray,Clean,Germany,3400.0,64937,67995.0,Boxster Gts
Ford,2011,Flex Fuel,Automatic,Black,Clean,USA,5400.0,252435,14300.0,Expedition El
BMW,2017,Gasoline,Automatic,Gray,Clean,Germany,4400.0,99414,46000.0,X5 M
Ford,2011,Gasoline,Manual,Black,Clean,USA,5000.0,119896,22000.0,Mustang Gt
Jeep,2016,Gasoline,Automatic,White,Accident Reported,USA,2400.0,159325,5000.0,Compass
Infiniti,2008,Gasoline,Manual,Black,Clean,Japan,3700.0,102187,15000.0,G37
Ford,2022,Gasoline,Automatic,Black,Clean,USA,3500.0,29716,47500.0,F-150 Xlt
Porsche,2007,Gasoline,Automatic,Blue,Clean,Germany,3800.0,68614,72995.0,911 Carrera
Infiniti,2005,Gasoline,Manual,Silver,Clean,Japan,3500.0,159325,18900.0,G35
Chrysler,2013,Gasoline,Automatic,White,Clean,USA,3600.0,140817,13750.0,300C
Toyota,2007,Gasoline,Automatic,White,Clean,Japan,3300.0,222089,6800.0,Camry Solara
Lexus,2018,Gasoline,Automatic,White,Clean,Japan,3500.0,114088,28995.0,Is 300
Buick,2020,Gasoline,Automatic,Red,Accident Reported,USA,3600.0,89162,29444.0,Enclave Essence
BMW,2022,Gasoline,Automatic,Black,Clean,Germany,3000.0,5171,89995.0,M4 Competition
Pontiac,2005,Gasoline,Manual,Red,Accident Reported,USA,6000.0,229032,21999.0,Gto
Toyota,2013,Gasoline,Automatic,Blue,Clean,Japan,4000.0,85295,36740.0,Fj Cruiser
Hyundai,2014,Gasoline,Automatic,Blue,Clean,South Korea,1800.0,193523,7500.0,Elantra
Porsche,2015,Gasoline,Automatic,Silver,Clean,Germany,3000.0,116402,29500.0,Macan S
Hummer,2007,Gasoline,Automatic,Beige,Clean,USA,3700.0,247343,9995.0,H3
Audi,2012,Gasoline,Automatic,White,Clean,Germany,3000.0,158359,18000.0,S4 3.0
Toyota,2023,Gasoline,Automatic,White,Clean,Japan,4000.0,2253,46500.0,4Runner Sr5
Ford,1997,Gasoline,Automatic,White,Clean,USA,5800.0,149347,9000.0,F-250
Subaru,2008,Gasoline,Manual,Gray,Clean,Japan,2500.0,151278,12500.0,Legacy 2.5
Mercedes-Benz,2014,Gasoline,Automatic,Silver,Accident Reported,Germany,3500.0,108389,18700.0,E-Class E
BMW,2001,Gasoline,Manual,Red,Clean,Germany,3200.0,107021,21000.0,M3
Mercedes-Benz,2014,Gasoline,Automatic,White,Clean,Germany,1800.0,113639,14500.0,C-Class C
Toyota,2007,Gasoline,Automatic,Silver,Accident Reported,Japan,3500.0,181260,11500.0,Sienna
Dodge,2014,Flex Fuel,Automatic,Black,Clean,USA,3600.0,200693,6499.0,Avenger
BMW,2018,Gasoline,Manual,Blue,Accident Reported,Germany,3000.0,98170,34000.0,M240 I
RAM,2017,Diesel,Automatic,White,Accident Reported,USA,6700.0,253104,32999.0,3500 Slt
Mercedes-Benz,2015,Gasoline,Automatic,Blue,Clean,Germany,3000.0,135185,20399.0,Gl-Class Gl
Jeep,2020,Gasoline,Automatic,Red,Clean,USA,3600.0,45031,47500.0,Gladiator Rubicon
Bentley,2009,Gasoline,Automatic,Blue,Clean,UK,6000.0,28968,63000.0,Continental Gt
Chevrolet,2021,Gasoline,Automatic,Silver,Clean,USA,6200.0,4913,83900.0,Corvette Stingray
Audi,2015,Gasoline,Automatic,Black,Accident Reported,Germany,3000.0,96964,19000.0,Q5 3.0T
Mazda,2021,Gasoline,Manual,Gray,Clean,Japan,2000.0,8196,28000.0,Mx-5 Miata
Mercedes-Benz,2005,Gasoline,Automatic,White,Clean,Germany,5000.0,282796,7000.0,S-Class S500
BMW,2015,Gasoline,Automatic,Black,Clean,Germany,4400.0,28807,59900.0,M6
GMC,2015,Gasoline,Automatic,White,Clean,USA,5300.0,229801,22999.0,Yukon Slt
Toyota,2010,Gasoline,Automatic,White,Clean,Japan,5700.0,143875,26900.0,Tundra
Chrysler,2007,Gasoline,Automatic,Gray,Clean,USA,5700.0,138403,15000.0,300C
Smart,2008,Gasoline,Automatic,Blue,Clean,Germany,1000.0,99127,5000.0,Fortwo Pure
Toyota,2018,Flex Fuel,Automatic,Beige,Accident Reported,Japan,5700.0,119091,38000.0,Tundra Sr
Hummer,2004,Gasoline,Automatic,Black,Accident Reported,USA,6000.0,209214,16500.0,H2
BMW,2015,Gasoline,Automatic,Black,Accident Reported,Germany,4400.0,138403,29000.0,Alpina B7
Land,2008,Gasoline,Automatic,Red,Clean,UK,4200.0,226273,7500.0,Rover Range
Audi,2018,Gasoline,Automatic,Gray,Clean,Germany,2000.0,44308,27900.0,A4 Tech
Ford,2017,Flex Fuel,Automatic,Gray,Clean,USA,2000.0,146450,12500.0,Focus
Mercedes-Benz,2014,Gasoline,Automatic,Silver,Clean,Germany,4700.0,101388,28500.0,E-Class E
Jeep,2022,Plug-In Hybrid,Automatic,Green,Clean,USA,2000.0,16898,49999.0,Wrangler Unlimited
Mercedes-Benz,2014,Flex Fuel,Automatic,Gray,Clean,Germany,3500.0,120818,21500.0,M-Class Ml
Jeep,2008,Gasoline,Automatic,Silver,Accident Reported,USA,3800.0,225308,9000.0,Wrangler Sahara
Mercedes-Benz,2019,Gasoline,Automatic,Silver,Clean,Germany,2000.0,48763,30500.0,A-Class A
Chevrolet,2009,Gasoline,Automatic,White,Clean,USA,2400.0,223698,4200.0,Malibu 1Lt
Hummer,2006,Gasoline,Automatic,Gray,Clean,USA,3500.0,189902,17900.0,H3
BMW,2015,Plug-In Hybrid,Automatic,Gray,Clean,Germany,1500.0,82076,53000.0,I8
Cadillac,2009,Gasoline,Automatic,Red,Clean,USA,4600.0,111725,36500.0,Xlr
Lincoln,2017,Gasoline,Automatic,Blue,Accident Reported,USA,2000.0,84143,12500.0,Mkz Select
Chevrolet,2006,Gasoline,Automatic,Blue,Accident Reported,USA,4300.0,179004,4000.0,Silverado 1500
Land,2019,Gasoline,Automatic,Black,Clean,UK,3000.0,84168,49900.0,Rover Range
Nissan,2021,Gasoline,Automatic,White,Clean,Japan,5600.0,154485,32612.0,Titan Sl
Kia,2022,Gasoline,Automatic,Green,Clean,South Korea,3800.0,42995,47541.0,Telluride Sx
Chevrolet,2023,Gasoline,Automatic,Black,Accident Reported,USA,5300.0,63596,67190.0,Tahoe Rst
Ford,2019,Gasoline,Manual,Blue,Clean,USA,5000.0,50855,41000.0,Mustang Gt
BMW,2017,Gasoline,Automatic,Black,Clean,Germany,2000.0,134055,18300.0,330 I
Land,2017,Gasoline,Automatic,Brown,Clean,UK,3000.0,153228,31599.0,Rover Range
Porsche,2010,Gasoline,Automatic,Black,Clean,Germany,3600.0,99135,51750.0,911 Carrera
Infiniti,2011,Gasoline,Automatic,White,Clean,Japan,5600.0,210696,12000.0,Qx56
BMW,2024,Gasoline,Automatic,Gray,Clean,Germany,3000.0,2414,90000.0,840 I
MINI,2017,Gasoline,Automatic,Blue,Clean,UK,2000.0,128667,17390.0,Clubman Cooper
Cadillac,2021,Gasoline,Automatic,White,Clean,USA,6200.0,50694,95000.0,Escalade Esv
RAM,2021,Gasoline,Automatic,Silver,Clean,USA,6400.0,73816,43449.0,2500 Big
Porsche,2014,Gasoline,Manual,Silver,Accident Reported,Germany,3400.0,36532,85500.0,911 Carrera
Bentley,2009,Gasoline,Automatic,Black,Clean,UK,6000.0,69202,48500.0,Continental Gt
Toyota,2015,Gasoline,Automatic,Gray,Clean,Japan,4600.0,159325,27000.0,Tundra Sr5
Toyota,2006,Gasoline,Automatic,White,Clean,Japan,4000.0,217261,16900.0,4Runner Sr5
Cadillac,2019,Gasoline,Automatic,Black,Accident Reported,USA,2000.0,74030,29000.0,Cts 2.0L
Ford,2014,Gasoline,Automatic,Black,Clean,USA,2000.0,128128,10995.0,Focus
BMW,2021,Gasoline,Automatic,White,Clean,Germany,4400.0,21324,86900.0,M5
Land,2019,Gasoline,Automatic,Black,Clean,UK,3000.0,66305,60500.0,Rover Range
Cadillac,2016,Gasoline,Automatic,Black,Accident Reported,USA,6200.0,187488,30500.0,Escalade Esv
Chevrolet,2018,Gasoline,Automatic,Gray,Clean,USA,6200.0,38719,87150.0,Corvette Z06
Audi,2015,Flex Fuel,Automatic,Silver,Accident Reported,Germany,2000.0,190707,15400.0,Q5
Maserati,2018,Gasoline,Automatic,White,Clean,Italy,3000.0,32187,43000.0,Ghibli S
BMW,2020,Gasoline,Automatic,Black,Clean,Germany,2000.0,16779,30798.0,228 Gran
Ford,2023,Gasoline,Automatic,Black,Accident Reported,USA,3500.0,15289,63500.0,Expedition
Nissan,2006,Gasoline,Automatic,Gray,Accident Reported,Japan,4000.0,215652,8500.0,Frontier Crew
Subaru,2022,Gasoline,Automatic,Gray,Clean,Japan,2400.0,16898,32500.0,Brz
Chevrolet,2018,Gasoline,Automatic,Red,Clean,USA,1500.0,85456,17500.0,Malibu Lt
Ford,2017,Flex Fuel,Automatic,White,Clean,USA,2000.0,128963,13895.0,Focus
Nissan,2021,Gasoline,Automatic,Gray,Clean,Japan,2000.0,38624,25500.0,Rogue S
Volvo,2006,Gasoline,Manual,Blue,Clean,Sweden,2500.0,98170,10299.0,C70 T5
Lincoln,2021,Gasoline,Automatic,White,Clean,USA,2700.0,31704,48000.0,Nautilus Reserve
Mercedes-Benz,2018,Gasoline,Automatic,White,Accident Reported,Germany,4000.0,45354,84500.0,Amg Gt
Ford,2017,Gasoline,Automatic,Black,Accident Reported,USA,2300.0,95756,21000.0,Mustang Ecoboost
Ford,1999,Flex Fuel,Automatic,Gold,Clean,USA,3000.0,185721,8000.0,Ranger Xlt
GMC,2018,Gasoline,Automatic,Black,Accident Reported,USA,5300.0,137599,35899.0,Yukon Slt
RAM,2020,Gasoline,Automatic,Red,Clean,USA,6400.0,82076,44900.0,2500 Big
Lexus,2011,Gasoline,Automatic,Black,Clean,Japan,3500.0,212433,9999.0,Es 350
Jeep,2016,Gasoline,Automatic,White,Clean,USA,3600.0,109245,32798.0,Wrangler Rubicon
Volvo,2018,Gasoline,Automatic,Silver,Clean,Sweden,2000.0,99779,30500.0,Xc90 T6
BMW,2017,Gasoline,Automatic,Green,Clean,Germany,4400.0,45005,58000.0,M6 Gran
BMW,2018,Gasoline,Automatic,Black,Clean,Germany,3000.0,77248,32000.0,X5 Xdrive35I
BMW,2020,Gasoline,Automatic,White,Clean,Germany,3000.0,8917,56598.0,X5 Xdrive40I
Mitsubishi,2018,Gasoline,Automatic,Red,Clean,Japan,2400.0,46671,19500.0,Outlander
Dodge,2010,Flex Fuel,Automatic,White,Accident Reported,USA,4700.0,210984,12995.0,Ram 1500
Subaru,2015,Gasoline,Manual,Other,Accident Reported,Japan,2000.0,164542,11498.0,Impreza 2.0I
Mercedes-Benz,2016,Gasoline,Automatic,Black,Clean,Germany,6000.0,29079,79999.0,Maybach S
Kia,2023,Gasoline,Automatic,White,Clean,South Korea,2500.0,20921,31900.0,Sportage Lx
Porsche,2008,Gasoline,Automatic,Silver,Accident Reported,Germany,3600.0,82076,69500.0,911 Turbo
Hummer,2007,Gasoline,Automatic,Blue,Accident Reported,USA,3700.0,221015,10000.0,H3
Buick,2014,Gasoline,Automatic,White,Accident Reported,USA,3600.0,202067,11200.0,Lacrosse Leather
Chevrolet,2020,Gasoline,Automatic,White,Accident Reported,USA,6200.0,141881,48889.0,Silverado 1500
Toyota,2016,Gasoline,Automatic,Black,Clean,Japan,4000.0,163992,29000.0,4Runner Sr5
Cadillac,2015,Gasoline,Automatic,Black,Accident Reported,USA,6200.0,256690,18800.0,Escalade Esv
Subaru,2015,Gasoline,Automatic,Silver,Accident Reported,Japan,2500.0,110819,15000.0,Legacy 2.5I
Ford,2017,Gasoline,Automatic,Black,Accident Reported,USA,3500.0,292900,16500.0,Expedition El
Ford,2017,Gasoline,Automatic,Black,Clean,USA,3500.0,130357,27000.0,Expedition El
Chevrolet,2021,Gasoline,Automatic,Gray,Clean,USA,5300.0,100193,42590.0,Silverado 1500
BMW,2011,Gasoline,Automatic,Gray,Accident Reported,Germany,3000.0,131966,20000.0,335 Is
Ford,2012,Gasoline,Automatic,Black,Accident Reported,USA,3500.0,333294,15000.0,F-150 Xlt
Porsche,2016,Gasoline,Automatic,Blue,Accident Reported,Germany,3600.0,125440,30000.0,Panamera Edition
Kia,2022,Hybrid,Automatic,Other,Clean,South Korea,1600.0,25078,40599.0,Sorento Plug-In
BMW,2017,Gasoline,Automatic,White,Accident Reported,Germany,3000.0,59707,26125.0,M240 I
Maserati,2006,Gasoline,Automatic,Blue,Accident Reported,Italy,4200.0,82076,18000.0,Quattroporte
Ford,2017,Gasoline,Automatic,White,Clean,USA,2700.0,151278,26000.0,F-150 Xlt
Land,2003,Gasoline,Automatic,White,Accident Reported,UK,4600.0,196156,6000.0,Rover Discovery
Ford,2008,Gasoline,Automatic,Green,Accident Reported,USA,5400.0,253471,15000.0,F-250 Xlt
Ford,2014,Gasoline,Automatic,Silver,Accident Reported,USA,3500.0,222757,15500.0,Taurus Sho
Land,2012,Gasoline,Automatic,Silver,Clean,UK,5000.0,177027,10200.0,Rover Range
GMC,2021,Gasoline,Automatic,White,Accident Reported,USA,5300.0,20826,51500.0,Sierra 1500
BMW,2009,Gasoline,Manual,Black,Clean,Germany,3000.0,112274,19500.0,335 I
Audi,2022,Hybrid,Automatic,Other,Clean,Germany,2000.0,13185,42598.0,Q5 S
Lexus,2020,Gasoline,Automatic,Black,Clean,Japan,3500.0,69647,43599.0,Rx 350
Audi,2018,Gasoline,Automatic,Gray,Accident Reported,Germany,3000.0,42648,38000.0,S4 3.0T
Chevrolet,2019,Gasoline,Automatic,Gray,Clean,USA,3600.0,40977,36139.0,Colorado Z71
Audi,2018,Gasoline,Automatic,White,Clean,Germany,2000.0,57695,33000.0,A5 Prestige
Mazda,2008,Gasoline,Manual,Red,Clean,Japan,2300.0,125046,6300.0,Mazda3 S
Jaguar,2021,Hybrid,Automatic,Black,Clean,UK,2000.0,37980,42999.0,E-Pace 300
Toyota,2001,Gasoline,Manual,Blue,Clean,Japan,1800.0,196339,7800.0,Celica Gt
Ford,2003,Diesel,Automatic,Black,Accident Reported,USA,6000.0,394288,17999.0,Excursion
Subaru,2016,Gasoline,Manual,Gray,Clean,Japan,2500.0,135345,34000.0,Wrx Sti
Audi,2021,Hybrid,Automatic,Black,Clean,Germany,2000.0,53108,40000.0,A6 45
Acura,2021,Gasoline,Automatic,Black,Clean,Japan,2000.0,71546,40598.0,Rdx Pmc
Audi,2013,Gasoline,Automatic,Black,Clean,Germany,3000.0,224270,20900.0,S4 3.0T
Lotus,2010,Gasoline,Manual,Black,Clean,UK,3500.0,14645,55000.0,Evora
Mercedes-Benz,2019,Gasoline,Automatic,Silver,Clean,Germany,4000.0,16898,77900.0,S-Class S
Chevrolet,2023,Gasoline,Automatic,Other,Clean,USA,5300.0,8056,59590.0,Silverado 1500
BMW,2021,Gasoline,Automatic,Gray,Clean,Germany,3000.0,53913,71000.0,M3 Competition
BMW,2014,Gasoline,Automatic,White,Clean,Germany,3000.0,203582,15000.0,435 I
Land,2016,Gasoline,Automatic,Red,Clean,UK,2000.0,127138,24000.0,Rover Range
RAM,2021,Diesel,Automatic,Blue,Clean,USA,6700.0,91732,52000.0,3500 Tradesman
BMW,2020,Gasoline,Automatic,White,Clean,Germany,3000.0,7854,57998.0,X5 Xdrive40I
Mercedes-Benz,2005,Gasoline,Automatic,White,Clean,Germany,5000.0,204386,14000.0,Sl-Class Sl500
Lexus,2002,Gasoline,Automatic,Black,Clean,Japan,4300.0,144036,15999.0,Sc 430
Chevrolet,2000,Gasoline,Automatic,White,Clean,USA,4300.0,156106,27500.0,Silverado 1500
Buick,2021,Gasoline,Automatic,Other,Accident Reported,USA,3600.0,50181,42442.0,Enclave Avenir
Lexus,2020,Hybrid,Automatic,Gray,Accident Reported,Japan,2500.0,26433,33200.0,Nx 300H
Lexus,2022,Gasoline,Automatic,Silver,Clean,Japan,3500.0,18086,54798.0,Rx 350
Chevrolet,2005,Flex Fuel,Automatic,Black,Accident Reported,USA,5300.0,156341,7999.0,Avalanche 1500
Mercedes-Benz,2015,Gasoline,Automatic,White,Clean,Germany,3000.0,59014,39998.0,Sl-Class Sl400
Chevrolet,2019,Gasoline,Automatic,Black,Clean,USA,6200.0,72098,52500.0,Suburban Premier
Ford,2015,Gasoline,Automatic,Black,Accident Reported,USA,3500.0,241401,17100.0,Transit-350
Infiniti,2020,Gasoline,Automatic,Blue,Clean,Japan,3500.0,61799,32100.0,Qx60 Luxe
Bentley,2008,Gasoline,Automatic,White,Clean,UK,6000.0,12810,81500.0,Continental Gtc
Nissan,2007,Gasoline,Automatic,Silver,Accident Reported,Japan,3500.0,188293,9975.0,350Z Enthusiast
Nissan,2012,Gasoline,Automatic,Silver,Clean,Japan,2500.0,147327,8999.0,Altima 2.5
Land,2015,Flex Fuel,Automatic,Black,Accident Reported,UK,5000.0,177027,26499.0,Rover Range
BMW,2017,Gasoline,Automatic,Gray,Accident Reported,Germany,3000.0,169142,23300.0,X5 Xdrive35I
Infiniti,2012,Gasoline,Automatic,White,Clean,Japan,5600.0,177027,15600.0,Qx56
Ford,2019,Gasoline,Automatic,Black,Clean,USA,3500.0,131609,32769.0,F-150 Xlt
Lexus,2010,Hybrid,Automatic,Black,Accident Reported,Japan,3500.0,271048,10900.0,Rx 450H
Maserati,2018,Gasoline,Automatic,Black,Clean,Italy,3000.0,129552,34900.0,Ghibli S
Volvo,2018,Gasoline,Automatic,Black,Accident Reported,Sweden,2000.0,130678,28825.0,Xc90 T6
Jeep,2017,Gasoline,Automatic,Gray,Clean,USA,3600.0,32464,47500.0,Wrangler Unlimited
Hummer,2005,Gasoline,Automatic,Green,Clean,USA,6000.0,233354,22500.0,H2
Ford,2009,Gasoline,Automatic,Gray,Accident Reported,USA,3500.0,260713,7500.0,Flex
Toyota,2007,Gasoline,Automatic,Green,Clean,Japan,3500.0,96078,9500.0,Camry
Mercedes-Benz,2020,Gasoline,Automatic,Black,Clean,Germany,2000.0,49777,28900.0,A-Class A
BMW,2009,Gasoline,Manual,Gray,Clean,Germany,3000.0,83658,19999.0,335 I
Chevrolet,2022,Gasoline,Manual,Blue,Clean,USA,6200.0,35405,50000.0,Camaro 2Ss
Chevrolet,2022,Diesel,Automatic,Black,Accident Reported,USA,6600.0,25749,73995.0,Silverado 2500
Nissan,2020,Gasoline,Automatic,Other,Clean,Japan,2500.0,35880,23599.0,Altima 2.5
Toyota,2023,Hybrid,Automatic,Black,Clean,Japan,3400.0,1650,85000.0,Sequoia Platinum
Acura,2013,Gasoline,Automatic,Gray,Accident Reported,Japan,3700.0,143537,15499.0,Tl Technology
Toyota,2020,Gasoline,Automatic,Blue,Clean,Japan,3500.0,86180,39687.0,Highlander
Ford,2021,Gasoline,Automatic,Silver,Clean,USA,2000.0,91645,26299.0,Edge
Jaguar,2016,Gasoline,Automatic,Black,Clean,UK,5000.0,18804,54900.0,F-Type R
GMC,2018,Gasoline,Automatic,White,Clean,USA,6200.0,73413,51000.0,Yukon Xl
Chevrolet,2018,Gasoline,Automatic,Gray,Clean,USA,5300.0,121450,34500.0,Suburban Lt
Maserati,2021,Gasoline,Automatic,Black,Accident Reported,Italy,3800.0,31403,84645.0,Levante Gts
Subaru,2021,Gasoline,Automatic,Black,Clean,Japan,2500.0,25164,33531.0,Outback
Mercedes-Benz,2018,Gasoline,Automatic,Black,Clean,Germany,3000.0,112010,40888.0,S-Class S
Mercedes-Benz,2011,Gasoline,Automatic,White,Clean,Germany,4700.0,222169,16500.0,Gl-Class Gl
Ford,2017,Flex Fuel,Automatic,Gray,Clean,USA,6200.0,212866,35900.0,F-250 Lariat
Hyundai,2020,Gasoline,Automatic,Silver,Clean,South Korea,3800.0,73732,37700.0,Palisade
Ford,2021,Gasoline,Automatic,Gray,Clean,USA,3500.0,40800,48459.0,F-150 Xlt
Mercedes-Benz,2008,Gasoline,Automatic,Silver,Clean,Germany,3500.0,193121,8995.0,R-Class R
Chevrolet,2018,Gasoline,Manual,Gray,Accident Reported,USA,6200.0,120944,45000.0,Camaro 2Ss
Jeep,2016,Gasoline,Manual,Red,Clean,USA,3600.0,119315,23000.0,Wrangler
BMW,2012,Gasoline,Automatic,Black,Clean,Germany,4400.0,110240,17800.0,550 I
Volkswagen,2017,Gasoline,Automatic,White,Clean,Germany,1400.0,98170,15995.0,Jetta 1.4T
Jeep,2022,Gasoline,Automatic,White,Clean,USA,3600.0,19393,41599.0,Grand Cherokee
Jaguar,2001,Gasoline,Automatic,Green,Accident Reported,UK,4000.0,241401,9875.0,Xk8
Porsche,2016,Gasoline,Automatic,Gray,Accident Reported,Germany,3000.0,74352,41500.0,Macan S
Mercedes-Benz,2014,Gasoline,Automatic,Silver,Clean,Germany,3500.0,141622,15500.0,E-Class E
Mercedes-Benz,2015,Gasoline,Automatic,Silver,Clean,Germany,3000.0,75639,30089.0,Gl-Class Gl
Land,2017,Gasoline,Automatic,White,Accident Reported,UK,3000.0,81014,47000.0,Rover Range
Mercedes-Benz,2010,Gasoline,Automatic,Black,Clean,Germany,3500.0,109113,13999.0,E-Class E
Dodge,2002,Gasoline,Manual,Black,Accident Reported,USA,3900.0,241401,5500.0,Dakota
Chevrolet,2018,Gasoline,Manual,Black,Accident Reported,USA,6200.0,21726,54000.0,Camaro Zl1
Hummer,2007,Gasoline,Automatic,White,Clean,USA,3700.0,163750,12900.0,H3
Honda,2022,Gasoline,Automatic,Red,Clean,Japan,3500.0,29588,37950.0,Odyssey Ex-L
Nissan,2008,Gasoline,Automatic,Gray,Accident Reported,Japan,3500.0,198753,13500.0,350Z Touring
GMC,2017,Flex Fuel,Automatic,Silver,Clean,USA,6000.0,188293,38000.0,Savana 2500
Mercedes-Benz,2010,Gasoline,Automatic,Gray,Clean,Germany,3500.0,138598,13600.0,E-Class E
Lexus,2020,Gasoline,Automatic,White,Clean,Japan,4600.0,36155,45900.0,Gx 460
Nissan,2017,Gasoline,Automatic,Silver,Clean,Japan,5600.0,128747,23800.0,Titan Xd
Chrysler,2020,Gasoline,Automatic,White,Clean,USA,3600.0,37259,28250.0,300 Touring
Dodge,2006,Gasoline,Automatic,Yellow,Clean,USA,5700.0,146933,9200.0,Charger R/T
Nissan,2020,Gasoline,Automatic,Black,Clean,Japan,3500.0,72420,28999.0,Pathfinder Sl
Ford,2018,Gasoline,Automatic,Gray,Accident Reported,USA,3500.0,117561,30510.0,Explorer Platinum
Nissan,2021,Gasoline,Automatic,Black,Clean,Japan,5600.0,11668,38000.0,Titan Sv
Jaguar,2019,Gasoline,Automatic,Black,Clean,UK,2000.0,70811,29000.0,E-Pace S
Ford,2014,Gasoline,Automatic,Black,Clean,USA,6200.0,137599,26900.0,F-150 Fx4
GMC,2021,Gasoline,Automatic,Black,Clean,USA,3600.0,29102,43999.0,Acadia Denali
Chevrolet,2011,Gasoline,Automatic,Blue,Clean,USA,3600.0,178637,10900.0,Camaro 1Lt
GMC,2013,Gasoline,Automatic,White,Clean,USA,3600.0,185074,14000.0,Acadia Slt-2
Chevrolet,2021,Gasoline,Automatic,White,Clean,USA,2000.0,53752,28000.0,Malibu Premier
Toyota,2007,Gasoline,Automatic,Black,Clean,Japan,4700.0,218870,12500.0,Sequoia Sr5
Lexus,2021,Gasoline,Automatic,Black,Clean,Japan,3500.0,43130,44000.0,Is 350
Dodge,2008,Gasoline,Automatic,Silver,Clean,USA,6100.0,404965,10500.0,Challenger Srt8
Chrysler,2005,Gasoline,Automatic,Blue,Clean,USA,3500.0,191511,3500.0,300 Touring
Cadillac,2021,Gasoline,Automatic,Other,Clean,USA,6200.0,45256,89000.0,Escalade Platinum
Chrysler,2009,Gasoline,Automatic,Blue,Clean,USA,3800.0,178637,7900.0,Town &
Mazda,2016,Gasoline,Automatic,Other,Clean,Japan,2500.0,187488,14311.0,Cx-5 Touring
Acura,2005,Gasoline,Automatic,Black,Clean,Japan,3200.0,320735,4900.0,Tl 3.2
Volvo,2020,Gasoline,Automatic,White,Clean,Sweden,2000.0,90986,26599.0,Xc40 T5
Chevrolet,2016,Gasoline,Automatic,Blue,Clean,USA,6200.0,79823,32500.0,Camaro 2Ss
Acura,2023,Gasoline,Automatic,Blue,Clean,Japan,3000.0,21887,65000.0,Tlx Type
Volkswagen,2007,Gasoline,Automatic,Blue,Clean,Germany,2000.0,96078,10000.0,Eos
Dodge,2018,Gasoline,Automatic,Purple,Clean,USA,6400.0,30577,44888.0,Charger R/T
Chevrolet,2002,Gasoline,Manual,Black,Clean,USA,5700.0,27842,33999.0,Corvette Z06
Mercedes-Benz,2014,Gasoline,Automatic,Gray,Clean,Germany,2000.0,146675,13500.0,Cla-Class Cla
BMW,2015,Gasoline,Automatic,Gray,Clean,Germany,4400.0,53108,65000.0,M5
Jeep,2019,Gasoline,Automatic,Gray,Clean,USA,3600.0,84933,39799.0,Wrangler Unlimited
Mitsubishi,2011,Gasoline,Manual,White,Clean,Japan,2000.0,181855,5800.0,Lancer Sportback
Porsche,2022,Gasoline,Automatic,Black,Clean,Germany,2000.0,20921,60000.0,Macan
Mercedes-Benz,2009,Gasoline,Automatic,Silver,Clean,Germany,3500.0,125408,16500.0,Clk-Class Clk
Mazda,2018,Gasoline,Automatic,Other,Accident Reported,Japan,2500.0,24422,19212.0,Mazda3 Grand
Audi,2017,Gasoline,Automatic,White,Clean,Germany,2000.0,220480,10995.0,A3
BMW,2015,Gasoline,Automatic,Gray,Accident Reported,Germany,2000.0,178637,15000.0,528 I
Land,2019,Gasoline,Automatic,Black,Clean,UK,3000.0,79192,62425.0,Rover Range
Audi,2018,Gasoline,Automatic,Gray,Clean,Germany,3000.0,70811,39000.0,S5 3.0T
Porsche,2017,Gasoline,Automatic,Gray,Clean,Germany,2000.0,41843,45500.0,718 Boxster
Chevrolet,2020,Gasoline,Automatic,Blue,Clean,USA,6200.0,2897,76000.0,Corvette Stingray
Maserati,2012,Gasoline,Automatic,White,Clean,Italy,4700.0,80467,26497.0,Quattroporte S
Subaru,2018,Gasoline,Automatic,Silver,Accident Reported,Japan,2000.0,149669,16000.0,Impreza 2.0I
Mazda,2016,Gasoline,Automatic,Silver,Clean,Japan,2500.0,192316,15000.0,Mazda6 I
Porsche,2016,Gasoline,Automatic,Blue,Clean,Germany,3000.0,80467,36000.0,Macan S
Genesis,2019,Gasoline,Automatic,Black,Clean,South Korea,3300.0,77248,29999.0,G70 3.3T
Jeep,2021,Gasoline,Automatic,Other,Accident Reported,USA,2000.0,18919,33400.0,Wrangler
Audi,2018,Gasoline,Automatic,White,Clean,Germany,2000.0,81111,28500.0,Q5
BMW,2012,Gasoline,Manual,Black,Clean,Germany,3000.0,247195,17500.0,335 I
Dodge,2022,Gasoline,Automatic,Gray,Clean,USA,6400.0,51365,64683.0,Durango Srt
BMW,2016,Gasoline,Manual,Orange,Clean,Germany,3000.0,90501,50500.0,M3
Ford,2019,Gasoline,Manual,Gray,Accident Reported,USA,1600.0,46227,18300.0,Fiesta St
Lincoln,2015,Gasoline,Automatic,White,Accident Reported,USA,3700.0,200202,9500.0,Mks
Chevrolet,2020,Gasoline,Automatic,Black,Clean,USA,5300.0,220480,46000.0,Tahoe Premier
Ford,2022,Gasoline,Automatic,Blue,Accident Reported,USA,7300.0,10622,72900.0,F-250 Platinum
Mercedes-Benz,2007,Gasoline,Automatic,Silver,Clean,Germany,3000.0,108148,11500.0,Slk-Class Slk280
Porsche,2021,Gasoline,Automatic,White,Clean,Germany,2000.0,26641,51698.0,Macan
BMW,2023,Plug-In Hybrid,Automatic,Blue,Clean,Germany,3000.0,25325,67900.0,X5 Phev
Mercedes-Benz,2005,Gasoline,Automatic,Gold,Accident Reported,Germany,5000.0,246969,5800.0,E-Class E500
Acura,2012,Gasoline,Automatic,Black,Accident Reported,Japan,3700.0,112654,15051.0,Tl 3.7
Hyundai,2011,Gasoline,Automatic,Gray,Clean,South Korea,4600.0,231581,9950.0,Equus Signature
Mercedes-Benz,2003,Gasoline,Automatic,Gold,Clean,Germany,5000.0,42149,22000.0,Sl-Class Sl500
Toyota,2000,Gasoline,Automatic,Black,Clean,Japan,4700.0,336663,15900.0,Land Cruiser
RAM,2018,Gasoline,Automatic,Gray,Clean,USA,6400.0,44802,41688.0,2500 Big
Porsche,2022,Gasoline,Automatic,White,Clean,Germany,2900.0,32589,68500.0,Macan S
Jeep,2022,Gasoline,Automatic,Red,Clean,USA,3600.0,29504,41599.0,Grand Cherokee
Mercedes-Benz,2014,Gasoline,Automatic,Red,Clean,Germany,3500.0,56327,29998.0,E-Class E
Dodge,2006,Gasoline,Automatic,Silver,Clean,USA,3500.0,214453,4000.0,Magnum
Porsche,2021,Gasoline,Automatic,Black,Clean,Germany,2900.0,23377,79998.0,Macan Turbo
Mercedes-Benz,2014,Gasoline,Automatic,Black,Clean,Germany,4700.0,70312,23500.0,E-Class E
Porsche,2020,Gasoline,Automatic,White,Clean,Germany,3000.0,46890,58598.0,Macan S
Cadillac,2017,Gasoline,Automatic,Other,Clean,USA,3600.0,115969,24590.0,Xt5 Luxury
Toyota,2023,Gasoline,Automatic,Silver,Clean,Japan,3400.0,14162,68500.0,Tundra Platinum
Nissan,2015,Gasoline,Automatic,White,Accident Reported,Japan,1600.0,138030,8250.0,Versa 1.6
Buick,2019,Gasoline,Automatic,Other,Clean,USA,3600.0,195569,26772.0,Enclave Avenir
BMW,2013,Gasoline,Automatic,White,Clean,Germany,3000.0,199558,11900.0,328 I
Acura,2018,Gasoline,Automatic,Black,Clean,Japan,2400.0,51917,20999.0,Ilx Package
Lexus,2015,Gasoline,Automatic,Black,Clean,Japan,4600.0,148059,28000.0,Gx 460
Toyota,2010,Gasoline,Automatic,Black,Accident Reported,Japan,5700.0,434337,22500.0,Land Cruiser
Chevrolet,2008,Gasoline,Automatic,Red,Clean,USA,6200.0,83452,35900.0,Corvette
Mazda,2015,Gasoline,Manual,White,Accident Reported,Japan,2500.0,199558,12900.0,Mazda6 I
Jaguar,2015,Gasoline,Automatic,Blue,Clean,UK,5000.0,41843,52500.0,F-Type R
Audi,2018,Gasoline,Automatic,Gray,Accident Reported,Germany,2000.0,58741,25500.0,A3
Chevrolet,2022,Gasoline,Automatic,Black,Clean,USA,6200.0,2253,54900.0,Camaro 2Ss
Jeep,2018,Gasoline,Automatic,Black,Clean,USA,3600.0,27359,38500.0,Wrangler Unlimited
Honda,2021,Gasoline,Automatic,Black,Clean,Japan,1500.0,68799,25698.0,Civic
Porsche,2011,Gasoline,Manual,White,Clean,Germany,2900.0,109432,30000.0,Cayman
Ford,2008,Gasoline,Manual,Black,Accident Reported,USA,4600.0,103802,16000.0,Mustang Gt
Toyota,2007,Gasoline,Manual,Blue,Clean,Japan,4000.0,164153,24900.0,Fj Cruiser
Land,2004,Gasoline,Automatic,Green,Clean,UK,4600.0,233354,15500.0,Rover Discovery
Porsche,2018,Gasoline,Automatic,Blue,Accident Reported,Germany,2500.0,80467,55000.0,718 Boxster
Chevrolet,2004,Gasoline,Automatic,Blue,Clean,USA,5700.0,60547,25500.0,Corvette
Toyota,2006,Gasoline,Automatic,Green,Clean,Japan,3500.0,144820,9499.0,Avalon
Infiniti,2015,Gasoline,Automatic,Black,Clean,Japan,5600.0,219498,20470.0,Qx80
Chevrolet,2015,Gasoline,Automatic,Black,Clean,USA,6200.0,43452,33000.0,Camaro 2Ss
Jeep,2004,Gasoline,Automatic,Beige,Accident Reported,USA,3700.0,232984,6500.0,Liberty Renegade
Toyota,2011,Gasoline,Automatic,Black,Clean,Japan,4000.0,252666,23500.0,4Runner Trail
BMW,2010,Gasoline,Automatic,Silver,Accident Reported,Germany,3000.0,212433,8500.0,328 I
Ford,2002,Diesel,Automatic,Gold,Clean,USA,7300.0,220480,15000.0,Excursion Ultimate
Lexus,2018,Gasoline,Automatic,White,Accident Reported,Japan,3500.0,82063,28000.0,Is 300
Cadillac,2010,Gasoline,Automatic,Black,Clean,USA,3000.0,170204,12900.0,Cts Performance
Lexus,2018,Gasoline,Automatic,Black,Clean,Japan,5000.0,47958,68495.0,Lc 500
BMW,2019,Gasoline,Automatic,Blue,Accident Reported,Germany,3000.0,33796,42000.0,540 I
Chevrolet,1998,Gasoline,Automatic,Black,Clean,USA,5700.0,244934,9900.0,Corvette
Hummer,2006,Gasoline,Automatic,Orange,Accident Reported,USA,6000.0,273427,16900.0,H2
Volvo,2008,Gasoline,Automatic,Black,Clean,Sweden,3200.0,315431,6499.0,Xc90 3.2
Jeep,2009,Gasoline,Automatic,Black,Accident Reported,USA,3800.0,289739,9100.0,Wrangler Unlimited
Land,2017,Gasoline,Automatic,Gray,Clean,UK,3000.0,93210,33500.0,Rover Discovery
BMW,2017,Gasoline,Automatic,Silver,Clean,Germany,3000.0,158681,26500.0,340 I
Ford,2018,Diesel,Automatic,Silver,Accident Reported,USA,6700.0,193121,55000.0,F-250 Lariat
BMW,2022,Gasoline,Automatic,Gray,Clean,Germany,3000.0,22964,80000.0,M3 Competition
Lexus,2022,Gasoline,Automatic,White,Clean,Japan,5000.0,11064,89000.0,Lc 500
Honda,2019,Gasoline,Automatic,White,Clean,Japan,1500.0,88675,28324.0,Cr-V Touring
BMW,2009,Gasoline,Automatic,White,Clean,Germany,4400.0,120057,15000.0,750 I
Audi,2019,Hybrid,Automatic,Black,Accident Reported,Germany,3000.0,73869,41500.0,A7 3.0T
Ford,2021,Gasoline,Automatic,Black,Clean,USA,2700.0,143043,33172.0,F-150 Xl
Dodge,2013,Flex Fuel,Automatic,Red,Clean,USA,3600.0,69202,35000.0,Grand Caravan
Ford,2018,Flex Fuel,Automatic,Gray,Accident Reported,USA,2000.0,54235,12000.0,Focus
RAM,2016,Diesel,Automatic,White,Clean,USA,6700.0,153072,43640.0,2500 Big
Chevrolet,2007,Gasoline,Automatic,Red,Clean,USA,6000.0,32509,27500.0,Corvette
Audi,2013,Gasoline,Automatic,Silver,Clean,Germany,2000.0,168107,17900.0,Allroad Prestige
Chevrolet,2017,Gasoline,Automatic,Silver,Clean,USA,4800.0,122310,41400.0,Express 2500
Chevrolet,2020,Gasoline,Automatic,Other,Clean,USA,3600.0,90521,39244.0,Traverse High
Acura,2016,Gasoline,Automatic,Black,Accident Reported,Japan,2400.0,98170,21000.0,Ilx Technology
Chevrolet,2019,Gasoline,Automatic,White,Clean,USA,3600.0,14663,27599.0,Camaro 1Lt
Lexus,2015,Gasoline,Automatic,Other,Clean,Japan,3500.0,162382,21998.0,Es 350
Ford,2021,Gasoline,Automatic,Black,Clean,USA,2700.0,38957,43430.0,F-150 Xlt
Chevrolet,2006,Gasoline,Manual,Silver,Clean,USA,7000.0,33796,47500.0,Corvette Z06
Cadillac,2019,Gasoline,Automatic,Silver,Accident Reported,USA,3600.0,219112,22500.0,Cts 3.6L
BMW,2009,Gasoline,Automatic,Silver,Accident Reported,Germany,4000.0,126195,28750.0,M3
Mazda,2019,Gasoline,Automatic,Red,Clean,Japan,2500.0,97848,19900.0,Mazda3 Fwd
Ford,2022,Hybrid,Automatic,Gray,Clean,USA,2500.0,26393,34000.0,Maverick Xlt
Toyota,2018,Hybrid,Automatic,Brown,Clean,Japan,3500.0,100101,35707.0,Highlander Hybrid
BMW,2021,Hybrid,Automatic,Black,Accident Reported,Germany,3000.0,117326,53998.0,X6 Xdrive40I
Lincoln,2003,Gasoline,Automatic,Gray,Clean,USA,4600.0,228872,5000.0,Town Car
Mercedes-Benz,2007,Gasoline,Automatic,Black,Clean,Germany,5500.0,241401,8000.0,Sl-Class Sl550
Ford,1998,Gasoline,Automatic,Silver,Clean,USA,4600.0,79131,12500.0,Mustang Gt
Chevrolet,2015,Gasoline,Automatic,Silver,Clean,USA,5300.0,269564,18000.0,Suburban 1500
Ford,2016,Gasoline,Automatic,Silver,Clean,USA,2000.0,177752,11000.0,Fusion
Audi,2014,Gasoline,Manual,Gray,Accident Reported,Germany,3000.0,170590,23000.0,S4 3.0T
Chevrolet,2017,Gasoline,Automatic,White,Clean,USA,5300.0,149231,34900.0,Suburban Premier
Ford,2022,Gasoline,Automatic,Gray,Clean,USA,2300.0,27359,44000.0,Bronco Big
Ford,2016,Flex Fuel,Automatic,White,Clean,USA,6200.0,121022,22000.0,F-250 Xl
Dodge,2015,Gasoline,Automatic,Green,Clean,USA,6200.0,2897,64990.0,Challenger Srt
Toyota,2019,Gasoline,Automatic,Other,Clean,Japan,3500.0,58392,39598.0,Tacoma Trd
Audi,2023,Hybrid,Automatic,Black,Clean,Germany,2000.0,10754,47798.0,Q5 S
Jeep,2018,Gasoline,Automatic,Black,Clean,USA,2000.0,37657,28999.0,Wrangler
Genesis,2017,Gasoline,Automatic,Brown,Clean,South Korea,3800.0,47830,29500.0,G80 3.8
Mercedes-Benz,2009,Gasoline,Automatic,Black,Clean,Germany,6300.0,90123,44850.0,Sl-Class Sl63
Lexus,2020,Gasoline,Automatic,Silver,Clean,Japan,5700.0,95625,73000.0,Lx 570
Kia,2018,Gasoline,Automatic,Red,Clean,South Korea,3300.0,111205,32500.0,Stinger Gt2
Chevrolet,2008,Gasoline,Automatic,White,Clean,USA,6000.0,47614,47900.0,Trailblazer Ss
Chevrolet,2021,Gasoline,Automatic,Silver,Clean,USA,6600.0,102782,41885.0,Silverado 2500
Mercedes-Benz,2014,Gasoline,Automatic,Silver,Accident Reported,Germany,3500.0,126333,17900.0,E-Class E
Volkswagen,2022,Gasoline,Automatic,White,Clean,Germany,2000.0,1717,48000.0,Golf R
Ford,2017,Gasoline,Automatic,Gray,Clean,USA,3500.0,244620,15499.0,Explorer
Honda,2011,Gasoline,Automatic,Purple,Clean,Japan,3500.0,297728,8900.0,Odyssey Lx
Dodge,2007,Diesel,Automatic,Red,Clean,USA,6700.0,157271,19998.0,Ram 2500
Honda,2016,Gasoline,Automatic,Blue,Clean,Japan,2000.0,178637,13000.0,Civic Lx
Ford,2019,Flex Fuel,Automatic,White,Clean,USA,6200.0,51930,46500.0,F-250 Xlt
Nissan,2019,Gasoline,Automatic,Gray,Clean,Japan,3500.0,196354,18998.0,Pathfinder Sv
Land,2020,Hybrid,Automatic,Black,Clean,UK,3000.0,92996,63995.0,Rover Range
BMW,2002,Gasoline,Manual,Silver,Accident Reported,Germany,3200.0,329728,21500.0,M3
Hummer,2003,Gasoline,Automatic,White,Accident Reported,USA,6000.0,288716,15000.0,H2
Mazda,2009,Gasoline,Manual,Red,Clean,Japan,1300.0,91732,14000.0,Rx-8 R3
Lexus,2021,Gasoline,Automatic,Green,Clean,Japan,5700.0,41838,87000.0,Lx 570
Chevrolet,2022,Gasoline,Automatic,White,Clean,USA,5300.0,58829,64288.0,Suburban Z71
Chevrolet,2007,Gasoline,Automatic,Red,Clean,USA,6000.0,45889,32000.0,Corvette
Ford,2019,Gasoline,Automatic,Red,Clean,USA,5000.0,16737,40000.0,Mustang Gt
Chevrolet,2020,Gasoline,Automatic,White,Accident Reported,USA,2000.0,82290,25800.0,Equinox Premier
Chevrolet,1999,Gasoline,Automatic,White,Clean,USA,5700.0,94629,15000.0,Camaro Z28
Land,2018,Gasoline,Automatic,Gray,Clean,UK,3000.0,136794,33000.0,Rover Discovery
Jeep,2000,Gasoline,Manual,Black,Clean,USA,2500.0,153209,11999.0,Wrangler
Toyota,2015,Gasoline,Automatic,Silver,Accident Reported,Japan,3500.0,110360,26000.0,Highlander
Chevrolet,2011,Gasoline,Automatic,Red,Clean,USA,6200.0,19795,45000.0,Corvette Grand
Chevrolet,2018,Gasoline,Automatic,White,Clean,USA,6200.0,22370,54490.0,Corvette Stingray
Mercedes-Benz,2001,Gasoline,Automatic,Silver,Clean,Germany,2300.0,94629,9000.0,Slk-Class Slk230
Nissan,2016,Gasoline,Manual,Black,Accident Reported,Japan,1600.0,49407,21500.0,Juke Nismo
Porsche,2005,Gasoline,Manual,Silver,Clean,Germany,3800.0,167371,44800.0,911 Carrera
Chevrolet,2019,Gasoline,Automatic,Red,Accident Reported,USA,3600.0,223885,24899.0,Colorado Lt
Porsche,2019,Gasoline,Automatic,Blue,Accident Reported,Germany,3000.0,59063,48990.0,Macan S
Mercedes-Benz,2022,Gasoline,Automatic,White,Clean,Germany,2000.0,39429,82150.0,Gle 350
Toyota,2017,Gasoline,Automatic,Black,Accident Reported,Japan,5700.0,104607,65000.0,Land Cruiser
BMW,2021,Hybrid,Automatic,Other,Clean,Germany,3000.0,44505,61998.0,X6 Xdrive40I
Toyota,2020,Gasoline,Automatic,Blue,Clean,Japan,3500.0,65983,38700.0,Highlander Platinum
Mercedes-Benz,2011,Gasoline,Automatic,White,Accident Reported,Germany,6300.0,76283,41000.0,Sl-Class Sl
Ford,2002,Gasoline,Automatic,Yellow,Clean,USA,3900.0,64551,18500.0,Thunderbird Deluxe
RAM,2014,Gasoline,Automatic,Silver,Clean,USA,6400.0,200685,30000.0,2500 Big
Ford,2013,Flex Fuel,Automatic,Black,Accident Reported,USA,6200.0,49890,35000.0,F-350 Xlt
Toyota,2022,Plug-In Hybrid,Automatic,Gray,Clean,Japan,2500.0,11426,49000.0,Rav4 Prime
Jeep,2018,Gasoline,Automatic,Gray,Clean,USA,3600.0,147539,26816.0,Grand Cherokee
Ford,2009,Gasoline,Automatic,White,Clean,USA,2000.0,173004,9500.0,Focus
Chevrolet,2023,Gasoline,Automatic,White,Clean,USA,6200.0,8369,88900.0,Corvette Stingray
Ford,1999,Gasoline,Automatic,White,Clean,USA,4600.0,77335,9500.0,F-150 Xlt
Porsche,2018,Gasoline,Automatic,Blue,Clean,Germany,2000.0,140817,28000.0,Macan
Acura,2012,Gasoline,Automatic,White,Clean,Japan,3700.0,171129,19000.0,Zdx
Chevrolet,2017,Gasoline,Automatic,Other,Accident Reported,USA,5300.0,215005,29999.0,Suburban Premier
Chevrolet,2018,Gasoline,Automatic,Silver,Clean,USA,3600.0,110167,30989.0,Traverse Premier
Mercedes-Benz,2018,Gasoline,Automatic,White,Clean,Germany,3000.0,46172,38880.0,E-Class E
BMW,2012,Gasoline,Automatic,Black,Accident Reported,Germany,4000.0,133575,31000.0,M3
Ford,2019,Diesel,Automatic,Blue,Clean,USA,6700.0,62121,54500.0,F-250 Xlt
Toyota,2019,Gasoline,Automatic,Red,Accident Reported,Japan,3500.0,148059,30000.0,Highlander
Saturn,2009,Gasoline,Manual,Blue,Accident Reported,USA,2000.0,215652,9500.0,Sky Red
Lexus,2012,Gasoline,Automatic,White,Clean,Japan,4600.0,165762,20500.0,Ls 460
Honda,2004,Gasoline,Manual,Gray,Clean,Japan,2400.0,283664,3750.0,Cr-V Lx
Ford,2010,Gasoline,Manual,White,Accident Reported,USA,4600.0,94146,20000.0,Mustang Gt
Ford,2018,Diesel,Automatic,Red,Clean,USA,6700.0,102998,64000.0,F-250
Porsche,2016,Gasoline,Automatic,Black,Accident Reported,Germany,2700.0,40042,49999.0,Boxster Black
Chevrolet,1998,Gasoline,Automatic,Red,Clean,USA,5700.0,215652,11500.0,Corvette
Ford,2013,Gasoline,Automatic,White,Accident Reported,USA,3500.0,133414,16000.0,Explorer Xlt
BMW,2008,Gasoline,Manual,Gray,Clean,Germany,3000.0,95365,18200.0,Z4 3.0Si
Lexus,2016,Gasoline,Automatic,Gray,Accident Reported,Japan,3500.0,131000,26000.0,Rx 350
Hyundai,2022,Gasoline,Automatic,Blue,Clean,South Korea,1600.0,8208,19500.0,Accent
Ford,2020,Gasoline,Automatic,Purple,Clean,USA,3500.0,107942,38500.0,Expedition Max
BMW,2016,Gasoline,Automatic,Silver,Clean,Germany,2000.0,104607,19500.0,328 I
Ford,2014,Gasoline,Automatic,Blue,Clean,USA,2500.0,130035,10000.0,Fusion
Ford,2020,Gasoline,Automatic,Gray,Clean,USA,3500.0,85940,39500.0,F-150 Xlt
Ford,2021,Gasoline,Automatic,Blue,Clean,USA,5000.0,25033,62890.0,F-150 Platinum
Dodge,2006,Gasoline,Automatic,Gray,Accident Reported,USA,5700.0,324296,11000.0,Ram 1500
Honda,2013,Gasoline,Automatic,Silver,Clean,Japan,1800.0,172199,14000.0,Civic Ex
Land,2020,Gasoline,Automatic,Silver,Clean,UK,2000.0,49085,44000.0,Rover Range
Toyota,2011,Gasoline,Manual,Gray,Clean,Japan,2700.0,57936,20000.0,Tacoma
Ford,2019,Flex Fuel,Automatic,Black,Accident Reported,USA,6200.0,61982,45998.0,F-250 Xlt
Mercedes-Benz,2022,Gasoline,Automatic,White,Clean,Germany,2000.0,7387,64000.0,Sprinter 2500
RAM,2019,Diesel,Automatic,White,Accident Reported,USA,6700.0,156106,45000.0,2500 Big
BMW,2011,Gasoline,Automatic,Black,Accident Reported,Germany,3000.0,177027,6000.0,328 I
Ford,2017,Flex Fuel,Automatic,Red,Accident Reported,USA,3500.0,85295,25000.0,Explorer Xlt
Chevrolet,2016,Flex Fuel,Automatic,Brown,Clean,USA,5300.0,177027,30999.0,Suburban Ltz
Mazda,2006,Gasoline,Manual,Black,Accident Reported,Japan,2000.0,350836,4999.0,Mx-5 Miata
Infiniti,2003,Gasoline,Manual,Red,Clean,Japan,3500.0,171395,9500.0,G35
Chevrolet,2012,Flex Fuel,Automatic,White,Clean,USA,6000.0,226112,11800.0,Express 2500
Ford,2010,Gasoline,Automatic,Black,Clean,USA,4000.0,232067,9999.0,Explorer Eddie
Chevrolet,2022,Diesel,Automatic,Gray,Clean,USA,3000.0,34440,69000.0,Suburban Rst
Mercedes-Benz,2015,Gasoline,Automatic,Blue,Clean,Germany,4700.0,209214,24500.0,Gl-Class Gl
Ford,2012,Gasoline,Automatic,Blue,Clean,USA,2000.0,173881,6500.0,Focus
Subaru,2022,Gasoline,Automatic,White,Clean,Japan,2000.0,16093,28000.0,Crosstrek
Hyundai,2011,Gasoline,Automatic,Red,Accident Reported,South Korea,3800.0,120700,12000.0,Genesis Coupe
Chrysler,2009,Gasoline,Automatic,Silver,Accident Reported,USA,3300.0,118286,7858.0,Town &
Porsche,2018,Gasoline,Automatic,Silver,Clean,Germany,4000.0,48039,89750.0,Panamera Turbo
Honda,2016,Gasoline,Automatic,White,Accident Reported,Japan,3500.0,217824,19900.0,Pilot Ex-L
Mercedes-Benz,2022,Gasoline,Automatic,Black,Clean,Germany,2000.0,27331,40998.0,Glc 300
Audi,2019,Hybrid,Automatic,Black,Clean,Germany,3000.0,57260,49500.0,A8 L
Ford,2020,Gasoline,Automatic,White,Clean,USA,2000.0,114585,18900.0,Edge
Dodge,2022,Gasoline,Automatic,Other,Accident Reported,USA,3600.0,39876,36599.0,Durango Gt
BMW,2015,Gasoline,Automatic,Black,Clean,Germany,2000.0,175949,13349.0,328 I
Alfa,2023,Gasoline,Automatic,White,Clean,Italy,2000.0,10694,43900.0,Romeo Stelvio
Mercedes-Benz,2007,Gasoline,Automatic,Silver,Clean,Germany,4700.0,145484,10199.0,Gl-Class Gl
Ford,2002,Gasoline,Automatic,Gold,Accident Reported,USA,4000.0,309154,6450.0,Ranger Xlt
BMW,2018,Gasoline,Automatic,White,Clean,Germany,3000.0,51499,70000.0,M3 Cs
Volkswagen,2022,Gasoline,Automatic,Green,Clean,Germany,2000.0,10300,41500.0,Golf Gti
Toyota,2021,Gasoline,Automatic,Black,Clean,Japan,4000.0,58226,36990.0,4Runner Sr5
GMC,2014,Flex Fuel,Automatic,Black,Accident Reported,USA,5300.0,229170,13500.0,Yukon Slt
Cadillac,2016,Gasoline,Automatic,Red,Clean,USA,2000.0,133575,16500.0,Ats 2.0L
Nissan,2012,Gasoline,Automatic,Black,Clean,Japan,4000.0,128747,14800.0,Xterra S
Ford,2021,Gasoline,Automatic,Gray,Clean,USA,2700.0,52202,51000.0,Bronco Badlands
BMW,2011,Gasoline,Automatic,White,Clean,Germany,3000.0,108630,18000.0,328 I
Toyota,2021,Gasoline,Automatic,Black,Clean,Japan,4000.0,41653,43837.0,4Runner
Toyota,2005,Gasoline,Automatic,Silver,Accident Reported,Japan,4700.0,273588,11200.0,Tundra Sr5
Ford,2023,Diesel,Automatic,Red,Clean,USA,6700.0,6056,92000.0,F-250 Lariat
Land,2018,Gasoline,Automatic,Red,Clean,UK,3000.0,74030,40000.0,Rover Range
Ford,2008,Diesel,Automatic,White,Clean,USA,6400.0,306291,15900.0,F-250 Xlt
Porsche,2018,Gasoline,Automatic,Black,Clean,Germany,3000.0,65902,39750.0,Macan S
Mercedes-Benz,2014,Gasoline,Automatic,Gray,Clean,Germany,6200.0,67592,45000.0,C-Class C
Nissan,2014,Gasoline,Automatic,White,Clean,Japan,3500.0,217261,8500.0,Pathfinder S
Ford,2019,Diesel,Automatic,Black,Clean,USA,6700.0,53108,59000.0,F-250 Xlt
Ford,2016,Gasoline,Automatic,Black,Clean,USA,2500.0,109435,12500.0,Fusion
Honda,2013,Gasoline,Automatic,Black,Clean,Japan,2400.0,651783,6000.0,Accord
BMW,2018,Gasoline,Automatic,Black,Clean,Germany,2000.0,188293,17000.0,330 I
Acura,2007,Gasoline,Automatic,White,Accident Reported,Japan,3700.0,295241,7700.0,Mdx
Chevrolet,2021,Gasoline,Automatic,Gray,Clean,USA,5300.0,83509,59980.0,Suburban Premier
Chevrolet,2021,Gasoline,Automatic,Gray,Clean,USA,6200.0,95801,68995.0,Suburban High
Cadillac,2006,Gasoline,Manual,Black,Clean,USA,6000.0,197949,15000.0,Cts-V
BMW,2021,Gasoline,Automatic,Blue,Clean,Germany,2000.0,61721,37400.0,X3 Xdrive30I
Honda,2008,Gasoline,Manual,Yellow,Clean,Japan,2200.0,71294,62000.0,S2000 Cr
Lexus,2010,Hybrid,Automatic,Red,Accident Reported,Japan,2400.0,198753,9500.0,Hs 250H
Lincoln,2013,Flex Fuel,Automatic,Red,Clean,USA,5400.0,215652,21500.0,Navigator
Ford,2020,Gasoline,Automatic,Gray,Accident Reported,USA,3500.0,91732,37500.0,F-150 Xlt
Kia,2021,Gasoline,Automatic,Other,Clean,South Korea,1600.0,161436,19980.0,K5 Gt-Line
BMW,2014,Gasoline,Automatic,Blue,Clean,Germany,2000.0,25571,34500.0,Z4 Sdrive28I
BMW,2015,Gasoline,Automatic,Black,Accident Reported,Germany,2000.0,201972,12950.0,528 I
Ford,2013,Flex Fuel,Automatic,Gray,Clean,USA,5400.0,263127,16490.0,Expedition
Buick,2015,Gasoline,Automatic,White,Clean,USA,3600.0,144400,16000.0,Enclave Leather
Mercedes-Benz,2005,Gasoline,Automatic,Black,Clean,Germany,5500.0,149669,22500.0,Sl-Class Sl600
MINI,2012,Gasoline,Automatic,Black,Clean,UK,1600.0,205996,8500.0,Cooper S
Porsche,2017,Gasoline,Automatic,White,Clean,Germany,4800.0,113941,52999.0,Cayenne Turbo
Saturn,2009,Hybrid,Automatic,Blue,Clean,USA,2400.0,185074,4400.0,Vue Hybrid
RAM,2018,Diesel,Automatic,Black,Clean,USA,6700.0,158761,56750.0,2500 Laramie
RAM,2019,Hybrid,Automatic,Silver,Clean,USA,5700.0,141249,44000.0,1500
Chevrolet,2023,Gasoline,Automatic,Gray,Clean,USA,3600.0,9656,48500.0,Traverse Rs
Lexus,2021,Gasoline,Automatic,Other,Clean,Japan,3500.0,45483,49998.0,Rx 350
Mazda,2023,Gasoline,Automatic,Blue,Clean,Japan,2500.0,26071,36900.0,Cx-50 2.5
Cadillac,2012,Flex Fuel,Automatic,White,Clean,USA,3600.0,140817,11499.0,Srx Luxury
FIAT,2013,Gasoline,Automatic,White,Clean,Italy,1400.0,137531,9000.0,500 Lounge
MINI,2009,Gasoline,Manual,Gray,Accident Reported,UK,1600.0,134948,6950.0,Cooper S
BMW,2022,Gasoline,Automatic,Black,Accident Reported,Germany,4400.0,36210,74999.0,X6 M50I
Lexus,2013,Gasoline,Automatic,Gray,Accident Reported,Japan,4600.0,160168,24900.0,Ls 460
Genesis,2023,Gasoline,Automatic,Silver,Clean,South Korea,2500.0,13036,57300.0,Gv80 2.5T
MINI,2016,Gasoline,Automatic,Other,Clean,UK,2000.0,69319,17999.0,Hardtop Cooper
BMW,2020,Gasoline,Automatic,Other,Clean,Germany,2000.0,37329,38900.0,530 I
Jeep,2011,Gasoline,Automatic,Gold,Accident Reported,USA,5700.0,189902,12500.0,Grand Cherokee
Toyota,2018,Gasoline,Automatic,Blue,Accident Reported,Japan,3500.0,105074,26450.0,Tacoma Sr5
Jeep,2020,Gasoline,Automatic,Gray,Clean,USA,3600.0,20921,39500.0,Gladiator S
Dodge,2018,Gasoline,Automatic,Orange,Clean,USA,6200.0,47435,62999.0,Challenger Srt
Jeep,2017,Gasoline,Automatic,Black,Clean,USA,2400.0,126682,17500.0,Renegade Trailhawk
Ford,2021,Hybrid,Automatic,Black,Clean,USA,3500.0,14713,61500.0,F-150 Lariat
Jaguar,2011,Gasoline,Automatic,Brown,Accident Reported,UK,5000.0,170590,9400.0,Xf
RAM,2022,Gasoline,Automatic,Black,Clean,USA,5700.0,5666,51074.0,1500 Laramie
Volkswagen,2016,Gasoline,Automatic,Gray,Clean,Germany,2000.0,144841,16750.0,Golf Gti
Porsche,2016,Gasoline,Automatic,Gray,Clean,Germany,3600.0,74030,38000.0,Macan Turbo
BMW,2020,Gasoline,Automatic,Black,Clean,Germany,3000.0,29551,60000.0,X4 M
Lexus,2013,Gasoline,Automatic,White,Accident Reported,Japan,3500.0,264736,16500.0,Rx 350
GMC,2020,Gasoline,Automatic,Black,Accident Reported,USA,1500.0,88543,25500.0,Terrain Slt
Nissan,2022,Gasoline,Automatic,Silver,Clean,Japan,3500.0,58686,24980.0,Maxima Sv
Volvo,2022,Hybrid,Automatic,Blue,Clean,Sweden,2000.0,22981,36500.0,S60 B5
Subaru,2013,Gasoline,Automatic,Blue,Accident Reported,Japan,2500.0,186683,12500.0,Outback 2.5I
RAM,2022,Gasoline,Automatic,Gray,Clean,USA,5700.0,26046,46999.0,1500 Laramie
Ford,2020,Gasoline,Automatic,Silver,Clean,USA,2300.0,72420,33500.0,Explorer Xlt
Ford,2013,Gasoline,Automatic,White,Clean,USA,3500.0,164153,23000.0,F-150 Lariat
Ford,2004,Diesel,Automatic,Silver,Accident Reported,USA,6000.0,262322,18000.0,Excursion Xls
Porsche,2016,Gasoline,Automatic,Blue,Clean,Germany,4800.0,68439,66200.0,Panamera Gts
Mazda,2012,Gasoline,Automatic,Black,Clean,Japan,2000.0,233193,6000.0,Mazda3 I
GMC,2016,Gasoline,Automatic,White,Clean,USA,5300.0,136794,32750.0,Sierra 1500
Mercedes-Benz,2011,Gasoline,Automatic,Gray,Accident Reported,Germany,4700.0,149669,11900.0,Gl-Class Gl
RAM,2022,Gasoline,Automatic,White,Clean,USA,5700.0,18456,50204.0,1500 Big
Lexus,2019,Gasoline,Automatic,Silver,Clean,Japan,2000.0,40990,32500.0,Nx 300
BMW,2014,Gasoline,Automatic,Silver,Clean,Germany,3000.0,145399,21800.0,435 I
GMC,2017,Gasoline,Automatic,Gray,Clean,USA,5300.0,154497,34000.0,Yukon Sle
Honda,2016,Gasoline,Automatic,Gray,Clean,Japan,3500.0,129552,23000.0,Pilot Ex-L
Audi,2021,Hybrid,Automatic,Black,Clean,Germany,2000.0,56327,37499.0,A5 Sportback
Honda,2020,Gasoline,Automatic,White,Accident Reported,Japan,1500.0,195071,18387.0,Civic
Porsche,2022,Gasoline,Automatic,Green,Clean,Germany,2900.0,21726,86999.0,Panamera Platinum
BMW,2019,Plug-In Hybrid,Automatic,White,Clean,Germany,2000.0,53453,43500.0,740E Xdrive
Ford,2017,Flex Fuel,Automatic,White,Clean,USA,6200.0,47828,31000.0,F-250 Xlt
Lincoln,2022,Gasoline,Automatic,Beige,Clean,USA,2000.0,7274,38500.0,Corsair Standard
Hyundai,2017,Gasoline,Automatic,Other,Clean,South Korea,2400.0,135392,14599.0,Sonata
Nissan,2019,Gasoline,Automatic,White,Accident Reported,Japan,3500.0,116114,26999.0,Maxima 3.5
GMC,2015,Gasoline,Automatic,White,Accident Reported,USA,5300.0,152083,30000.0,Yukon Slt
Mercedes-Benz,2017,Gasoline,Automatic,White,Clean,Germany,4700.0,142353,39999.0,Gls 550
Cadillac,2010,Gasoline,Automatic,Silver,Accident Reported,USA,3000.0,131477,9499.0,Cts
Cadillac,2005,Gasoline,Manual,White,Clean,USA,3600.0,151439,6099.0,Cts
Ford,2022,Hybrid,Automatic,White,Clean,USA,3300.0,28163,46000.0,Explorer
Acura,2016,Gasoline,Automatic,Other,Clean,Japan,3500.0,212838,18998.0,Rdx
Toyota,2022,Gasoline,Automatic,Gray,Clean,Japan,3500.0,7141,42000.0,Highlander
Volkswagen,2018,Gasoline,Automatic,White,Clean,Germany,2000.0,113458,23000.0,Golf Gti
Toyota,2008,Gasoline,Automatic,Gray,Clean,Japan,1800.0,273588,5199.0,Corolla Ce
Honda,2008,Gasoline,Automatic,Blue,Clean,Japan,2400.0,196339,10500.0,Element Ex
Hyundai,2010,Gasoline,Automatic,White,Clean,South Korea,4600.0,193637,10500.0,Genesis 4.6
BMW,2004,Gasoline,Automatic,Blue,Clean,Germany,2500.0,286463,5750.0,325 Ci
BMW,2002,Gasoline,Manual,Yellow,Clean,Germany,3200.0,96971,28750.0,M3
Land,2019,Gasoline,Automatic,White,Clean,UK,3000.0,125030,43500.0,Rover Range
Chevrolet,2009,Gasoline,Manual,Gray,Clean,USA,6200.0,28968,78000.0,Corvette Zr-1
Honda,2001,Gasoline,Manual,Red,Clean,Japan,2200.0,201168,18000.0,Prelude Type
Lexus,2021,Gasoline,Automatic,Silver,Accident Reported,Japan,2000.0,10379,35999.0,Nx 300
Volkswagen,2019,Gasoline,Manual,Black,Clean,Germany,2000.0,53108,27500.0,Golf Gti
Nissan,2009,Gasoline,Automatic,Brown,Clean,Japan,5600.0,140222,20000.0,Armada
Lexus,1998,Gasoline,Automatic,Purple,Clean,Japan,3000.0,265541,8700.0,Sc 300
Toyota,2008,Gasoline,Automatic,Blue,Accident Reported,Japan,3300.0,117482,11500.0,Camry Solara
Porsche,2020,Gasoline,Automatic,Black,Clean,Germany,3000.0,35975,54900.0,Macan S
GMC,2019,Gasoline,Automatic,Other,Accident Reported,USA,2000.0,97859,25925.0,Terrain Slt
Jeep,2014,Gasoline,Automatic,Black,Clean,USA,2000.0,168981,10950.0,Compass Latitude
Audi,2018,Gasoline,Automatic,Black,Clean,Germany,3000.0,102032,29900.0,Q7 3.0T
Ford,2022,Gasoline,Automatic,Black,Clean,USA,7300.0,7242,86500.0,F-250 Platinum
Jeep,2020,Gasoline,Automatic,Red,Clean,USA,3600.0,12915,42433.0,Gladiator Overland
Mercedes-Benz,2016,Gasoline,Automatic,Black,Accident Reported,Germany,3000.0,100238,29950.0,Cls-Class Cls
Lexus,2021,Gasoline,Automatic,Beige,Accident Reported,Japan,3500.0,8111,48900.0,Rx 350
RAM,2022,Gasoline,Automatic,White,Accident Reported,USA,5700.0,20825,46999.0,1500 Laramie
Mitsubishi,2015,Gasoline,Automatic,Silver,Accident Reported,Japan,2400.0,158335,10500.0,Outlander Es
Hyundai,2013,Gasoline,Automatic,Red,Accident Reported,South Korea,2400.0,70655,12500.0,Sonata
Ford,2017,Gasoline,Automatic,Blue,Clean,USA,2300.0,67029,23600.0,Mustang Ecoboost
BMW,2022,Plug-In Hybrid,Automatic,White,Clean,Germany,3000.0,51257,60500.0,X5 Phev
Hyundai,2013,Hybrid,Automatic,Black,Accident Reported,South Korea,2400.0,155171,14999.0,Sonata Hybrid
Honda,2007,Gasoline,Automatic,Black,Clean,Japan,3500.0,273588,7700.0,Odyssey Ex-L
Chevrolet,2009,Gasoline,Automatic,Black,Clean,USA,5300.0,223698,14500.0,Colorado Lt
Buick,2016,Gasoline,Automatic,Black,Clean,USA,3600.0,216706,18051.0,Enclave
BMW,2015,Gasoline,Manual,White,Clean,Germany,3000.0,130357,27890.0,M235 I
Kia,2022,Gasoline,Automatic,White,Clean,South Korea,3800.0,74588,46120.0,Telluride Sx
Chevrolet,2007,Gasoline,Manual,Yellow,Clean,USA,6000.0,6515,38000.0,Corvette
Mercedes-Benz,2015,Gasoline,Automatic,Black,Clean,Germany,5500.0,128548,45750.0,S-Class S
Land,2019,Gasoline,Automatic,Black,Clean,UK,3000.0,104638,40500.0,Rover Range
Nissan,2009,Gasoline,Manual,Silver,Accident Reported,Japan,3700.0,214700,14999.0,370Z Touring
BMW,2018,Gasoline,Automatic,White,Accident Reported,Germany,2000.0,119704,22995.0,330 I
Porsche,2023,Gasoline,Automatic,Other,Clean,Germany,2000.0,4707,73300.0,Macan
BMW,2013,Gasoline,Automatic,Gray,Clean,Germany,3000.0,109232,18000.0,128 I
Mercedes-Benz,2018,Gasoline,Automatic,White,Clean,Germany,5500.0,115068,61000.0,Amg Gle
Jeep,2014,Gasoline,Automatic,Gray,Clean,USA,3600.0,114263,22000.0,Wrangler
Ford,2018,Gasoline,Automatic,Black,Clean,USA,3500.0,103830,47995.0,F-150 Raptor
Dodge,2004,Diesel,Automatic,White,Clean,USA,2700.0,88514,24000.0,Sprinter 2500
BMW,2019,Gasoline,Automatic,Black,Clean,Germany,4400.0,12199,51500.0,M550 I
Hyundai,2010,Gasoline,Automatic,Blue,Clean,South Korea,2400.0,217261,3999.0,Sonata Gls
Honda,2019,Gasoline,Automatic,White,Accident Reported,Japan,1500.0,100101,21500.0,Accord Ex-L
Cadillac,2014,Gasoline,Automatic,Red,Clean,USA,3600.0,111046,19500.0,Cts 3.6L
Toyota,2021,Gasoline,Automatic,Other,Clean,Japan,4000.0,45974,44775.0,4Runner Venture
Jaguar,2006,Gasoline,Automatic,White,Clean,UK,4200.0,125607,13980.0,Xj8 L
Chevrolet,2021,Gasoline,Automatic,Brown,Clean,USA,6200.0,37485,73500.0,Suburban High
Chevrolet,2010,Flex Fuel,Automatic,Black,Clean,USA,5300.0,261793,12000.0,Suburban 1500
Land,2010,Gasoline,Automatic,Gray,Clean,UK,3200.0,161694,9975.0,Rover Lr2
Subaru,2017,Gasoline,Automatic,White,Accident Reported,Japan,2000.0,117675,19950.0,Wrx
Ford,2022,Gasoline,Automatic,Green,Clean,USA,3500.0,37498,67500.0,Expedition Timberline
Honda,2018,Plug-In Hybrid,Automatic,Red,Accident Reported,Japan,1500.0,114263,17500.0,Clarity Plug-In
RAM,2022,Diesel,Automatic,Red,Clean,USA,6700.0,26792,70999.0,3500 Laramie
Chevrolet,2011,Diesel,Automatic,White,Clean,USA,6600.0,386242,18500.0,Silverado 2500
Lexus,2013,Hybrid,Automatic,Silver,Clean,Japan,3500.0,192727,19500.0,Rx 450H
Mercedes-Benz,2015,Flex Fuel,Automatic,Silver,Clean,Germany,3500.0,141622,19500.0,M-Class Ml
BMW,2021,Hybrid,Automatic,White,Clean,Germany,3000.0,65983,50000.0,X5 Xdrive40I
Chevrolet,2022,Gasoline,Manual,Red,Clean,USA,6200.0,12002,47500.0,Camaro 2Ss
Jeep,2022,Gasoline,Automatic,Green,Clean,USA,3600.0,37015,43000.0,Gladiator S
Land,1998,Gasoline,Automatic,Green,Clean,UK,4000.0,240495,9995.0,Rover Discovery
Ford,2017,Diesel,Automatic,Red,Clean,USA,6700.0,392679,35500.0,F-250 Xlt
RAM,2019,Hybrid,Automatic,White,Clean,USA,3600.0,74030,37900.0,1500 Rebel
Audi,2022,Hybrid,Automatic,Silver,Clean,Germany,2000.0,21135,42998.0,Q5 S
RAM,2017,Gasoline,Automatic,Black,Clean,USA,5700.0,72420,29999.0,1500 Slt
Mazda,2021,Gasoline,Automatic,Red,Clean,Japan,2500.0,29588,29255.0,Cx-30 Package
BMW,2020,Gasoline,Automatic,Black,Clean,Germany,3000.0,41510,52999.0,840 Gran
Porsche,2005,Gasoline,Manual,Silver,Clean,Germany,3200.0,71455,29800.0,Boxster S
Chevrolet,2016,Gasoline,Automatic,Silver,Clean,USA,2500.0,167371,10500.0,Malibu Lt
MINI,2007,Gasoline,Manual,Yellow,Clean,UK,1600.0,72420,7900.0,Cooper S
Jeep,2022,Gasoline,Automatic,Blue,Clean,USA,3600.0,39429,64000.0,Gladiator Mojave
Buick,2020,Gasoline,Automatic,Gray,Clean,USA,1300.0,57243,21999.0,Encore Gx
Toyota,2020,Gasoline,Automatic,Silver,Clean,Japan,3500.0,56327,36999.0,Highlander
Acura,2003,Gasoline,Automatic,Silver,Accident Reported,Japan,3500.0,265541,4000.0,Mdx Touring
Land,2021,Hybrid,Automatic,Black,Clean,UK,3000.0,24140,69000.0,Rover Range
BMW,2014,Gasoline,Automatic,White,Clean,Germany,3000.0,192718,15499.0,535 I
Nissan,2007,Gasoline,Manual,White,Accident Reported,Japan,3500.0,144841,12000.0,350Z Touring
Ford,2015,Gasoline,Automatic,White,Accident Reported,USA,2500.0,180246,14500.0,Transit Connect
Mercedes-Benz,2008,Gasoline,Automatic,Black,Clean,Germany,5500.0,241401,16800.0,Sl-Class Sl550
Hyundai,2015,Gasoline,Automatic,Black,Accident Reported,South Korea,2000.0,133414,13995.0,Sonata
Audi,2004,Gasoline,Automatic,Silver,Clean,Germany,1800.0,127943,12000.0,Tt 1.8T
Volvo,2019,Gasoline,Automatic,White,Clean,Sweden,2000.0,96560,37000.0,Xc90 T6
RAM,2021,Diesel,Automatic,White,Clean,USA,3000.0,67270,44900.0,1500 Big
Chevrolet,2021,Gasoline,Automatic,Black,Clean,USA,5300.0,115126,49685.0,Tahoe Lt
Ford,2014,Gasoline,Automatic,Green,Clean,USA,3500.0,205284,13715.0,Explorer Xlt
Chevrolet,2017,Gasoline,Automatic,Yellow,Clean,USA,6200.0,62764,31500.0,Camaro 1Ss
Ford,2023,Gasoline,Automatic,Gray,Clean,USA,2700.0,18507,54490.0,Bronco Big
Chrysler,2020,Gasoline,Automatic,Black,Clean,USA,3600.0,35727,36800.0,Pacifica Launch
RAM,2021,Hybrid,Automatic,White,Clean,USA,5700.0,51499,50927.0,1500 Rebel
Toyota,2020,Gasoline,Automatic,White,Clean,Japan,2000.0,23657,27350.0,86
BMW,2016,Gasoline,Automatic,Black,Clean,Germany,4400.0,128739,23995.0,X5 Xdrive50I
GMC,2018,Gasoline,Automatic,Black,Clean,USA,6200.0,122310,44500.0,Yukon Denali
Honda,2014,Gasoline,Automatic,Gray,Accident Reported,Japan,2400.0,99779,18987.0,Accord Ex-L
Maserati,2017,Gasoline,Automatic,Gray,Clean,Italy,3000.0,86100,28700.0,Ghibli S
BMW,2014,Gasoline,Automatic,Silver,Clean,Germany,3000.0,139208,20900.0,435 I
Mercedes-Benz,2011,Gasoline,Automatic,Black,Accident Reported,Germany,4700.0,238182,9900.0,Gl-Class Gl
GMC,2014,Flex Fuel,Automatic,White,Clean,USA,4300.0,161063,22989.0,Sierra 1500
BMW,2023,Plug-In Hybrid,Automatic,Black,Clean,Germany,3000.0,4987,74995.0,X5 Phev
Dodge,2020,Gasoline,Automatic,Black,Accident Reported,USA,5700.0,125529,29500.0,Durango R/T
Ford,2022,Gasoline,Automatic,Blue,Clean,USA,1500.0,26876,31000.0,Bronco Big
Honda,2015,Gasoline,Manual,Black,Clean,Japan,1800.0,82559,17500.0,Civic Lx
Ford,2018,Gasoline,Manual,Gray,Clean,USA,5200.0,13256,62900.0,Shelby Gt350
Volkswagen,2010,Gasoline,Automatic,Gray,Accident Reported,Germany,2500.0,159325,6000.0,Jetta S
Mazda,2021,Gasoline,Automatic,Black,Clean,Japan,2500.0,100386,26288.0,Cx-5 Grand
Jeep,2009,Gasoline,Manual,Black,Clean,USA,3800.0,209214,15500.0,Wrangler Rubicon
Ford,2016,Flex Fuel,Automatic,Silver,Accident Reported,USA,6200.0,151761,28999.0,F-250 Xlt
BMW,2016,Gasoline,Automatic,Silver,Accident Reported,Germany,2000.0,131966,16995.0,528 I
Kia,2021,Gasoline,Automatic,Silver,Clean,South Korea,1600.0,108930,15700.0,Rio S
Jeep,1997,Gasoline,Manual,Green,Accident Reported,USA,4000.0,210824,5500.0,Wrangler
BMW,2021,Gasoline,Automatic,Black,Clean,Germany,4400.0,46507,71000.0,X5 M50I
Mazda,2022,Gasoline,Manual,Gray,Clean,Japan,2000.0,11668,35619.0,Mx-5 Miata
Ford,2014,Diesel,Automatic,Black,Accident Reported,USA,6700.0,95690,40999.0,F-250 Xlt
Jeep,2012,Gasoline,Automatic,Beige,Accident Reported,USA,3600.0,125529,22000.0,Wrangler Sahara
RAM,2021,Gasoline,Automatic,White,Clean,USA,5700.0,38967,46500.0,1500 Laramie
RAM,2020,Gasoline,Automatic,White,Clean,USA,5700.0,34062,46105.0,1500 Laramie
GMC,2016,Gasoline,Automatic,Black,Clean,USA,6200.0,173406,35500.0,Yukon Denali
Ford,2016,Gasoline,Automatic,White,Clean,USA,3500.0,188293,26500.0,F-150 Lariat
Chevrolet,2006,Gasoline,Automatic,Red,Clean,USA,6000.0,62977,35000.0,Corvette
BMW,2004,Gasoline,Manual,Gray,Clean,Germany,2500.0,152083,9000.0,Z4 2.5I
Subaru,2017,Gasoline,Automatic,Red,Accident Reported,Japan,2000.0,80485,21495.0,Crosstrek 2.0I
Lexus,2004,Gasoline,Automatic,White,Accident Reported,Japan,4700.0,346008,7350.0,Gx 470
RAM,2022,Gasoline,Automatic,Black,Clean,USA,5700.0,26741,45999.0,1500 Laramie
Ford,2022,Gasoline,Automatic,Black,Clean,USA,5000.0,54425,46552.0,F-150 Xlt
Jeep,2022,Gasoline,Automatic,Red,Clean,USA,5700.0,14643,68362.0,Wagoneer Series
Volkswagen,2008,Gasoline,Manual,White,Clean,Germany,2000.0,154172,9850.0,Gti
Mercedes-Benz,2016,Gasoline,Automatic,Black,Clean,Germany,5500.0,57845,51700.0,Amg Gle
Mazda,2008,Gasoline,Automatic,Black,Clean,Japan,2300.0,170590,4300.0,Mazda6 Isport
Kia,2023,Gasoline,Automatic,Green,Clean,South Korea,3800.0,16737,48000.0,Telluride Ex
Chevrolet,2022,Gasoline,Automatic,Blue,Clean,USA,5300.0,4657,63900.0,Tahoe Lt
Dodge,2022,Gasoline,Automatic,Black,Clean,USA,3600.0,25093,39985.0,Durango Gt
Mercedes-Benz,2020,Gasoline,Automatic,Silver,Clean,Germany,4000.0,53990,57999.0,Amg C
BMW,2016,Gasoline,Automatic,Black,Accident Reported,Germany,2000.0,297728,7500.0,320 I
Porsche,2023,Gasoline,Automatic,Other,Clean,Germany,2900.0,10433,96900.0,Macan Gts
Mercedes-Benz,2020,Gasoline,Automatic,Other,Clean,Germany,2000.0,42314,49998.0,Gle 350
Chevrolet,2017,Gasoline,Automatic,Blue,Clean,USA,6200.0,99779,34500.0,Camaro 2Ss
Jaguar,2017,Gasoline,Automatic,White,Accident Reported,UK,3000.0,163272,18500.0,Xf 35T
RAM,2013,Diesel,Automatic,White,Accident Reported,USA,6700.0,171210,42900.0,3500 Laramie
BMW,2012,Gasoline,Automatic,White,Clean,Germany,3000.0,139416,20995.0,335 Is
Audi,2018,Gasoline,Automatic,White,Clean,Germany,4000.0,98585,49999.0,S6 4.0T
Chrysler,2014,Gasoline,Automatic,Blue,Clean,USA,5700.0,195535,15999.0,300 S
GMC,2022,Diesel,Automatic,White,Clean,USA,3000.0,161,62499.0,Sierra 1500
Chrysler,2015,Flex Fuel,Automatic,Silver,Accident Reported,USA,3600.0,273588,5995.0,200 C
Ford,2010,Gasoline,Automatic,Blue,Clean,USA,4600.0,373367,3000.0,F-150 Xlt
MINI,2006,Gasoline,Manual,Gray,Clean,UK,1600.0,152887,12500.0,Cooper S
Toyota,2013,Gasoline,Automatic,White,Accident Reported,Japan,3500.0,166512,14200.0,Venza
Toyota,2011,Hybrid,Automatic,White,Accident Reported,Japan,2400.0,214237,7900.0,Camry Hybrid
Chevrolet,2012,Flex Fuel,Automatic,Brown,Clean,USA,5300.0,261890,14500.0,Tahoe Lt
Ford,2021,Gasoline,Automatic,Orange,Clean,USA,5200.0,914,90788.0,Shelby Gt500
Lexus,1999,Gasoline,Automatic,Red,Accident Reported,Japan,3000.0,400859,3500.0,Rx 300
Porsche,2015,Gasoline,Automatic,Gray,Clean,Germany,3000.0,129230,23999.0,Macan S
Ford,2004,Gasoline,Automatic,Beige,Clean,USA,5400.0,300947,6299.0,F-150 Xlt
Subaru,2009,Gasoline,Automatic,Black,Clean,Japan,2500.0,292691,6500.0,Outback 2.5
BMW,2020,Gasoline,Automatic,Black,Accident Reported,Germany,3000.0,59546,50000.0,X5 Xdrive40I
Lexus,2006,Gasoline,Automatic,Blue,Accident Reported,Japan,4700.0,244620,13995.0,Gx 470
Ford,2004,Gasoline,Automatic,Blue,Accident Reported,USA,5400.0,96979,30500.0,F-150 Heritage
Mazda,2004,Gasoline,Manual,Silver,Accident Reported,Japan,1800.0,53691,17599.0,Mazdaspeed Miata
GMC,2021,Gasoline,Automatic,Black,Clean,USA,3600.0,77099,38436.0,Acadia Denali
Mercedes-Benz,2016,Gasoline,Automatic,White,Clean,Germany,2000.0,27906,29000.0,Metris
Ford,2011,Flex Fuel,Automatic,White,Clean,USA,5400.0,314626,8999.0,Expedition El
Chevrolet,2000,Gasoline,Automatic,Red,Clean,USA,3800.0,119091,4700.0,Monte Carlo
RAM,2015,Gasoline,Automatic,Red,Accident Reported,USA,5700.0,226112,14000.0,1500 Big
Jeep,2006,Gasoline,Automatic,Black,Clean,USA,3700.0,341985,6500.0,Commander
Lexus,2010,Gasoline,Automatic,White,Accident Reported,Japan,5000.0,124563,34500.0,Is-F
Ford,2017,Gasoline,Automatic,Black,Clean,USA,3500.0,189902,15000.0,Utility Police
Cadillac,2016,Gasoline,Automatic,White,Clean,USA,6200.0,235286,24500.0,Escalade Esv
Chevrolet,2005,Flex Fuel,Automatic,Red,Clean,USA,5300.0,209214,7200.0,Avalanche 1500
Ford,2021,Gasoline,Automatic,White,Clean,USA,2700.0,53237,47850.0,F-150 Lariat
Mercedes-Benz,2023,Gasoline,Automatic,Black,Clean,Germany,2000.0,1962,46479.0,Glb 250
Jeep,2016,Gasoline,Automatic,White,Clean,USA,3600.0,65983,25000.0,Wrangler
Nissan,2004,Gasoline,Manual,Black,Accident Reported,Japan,3500.0,178471,11500.0,350Z Touring
Chevrolet,2016,Gasoline,Manual,Orange,Clean,USA,6200.0,78858,75000.0,Corvette Z06
Pontiac,2007,Gasoline,Manual,Black,Clean,USA,2000.0,75639,13300.0,Solstice Gxp
Hyundai,2018,Gasoline,Automatic,Gray,Accident Reported,South Korea,2400.0,92843,15900.0,Sonata
Lincoln,2018,Gasoline,Automatic,Brown,Accident Reported,USA,3500.0,86904,46500.0,Navigator Reserve
Nissan,2007,Gasoline,Automatic,Silver,Clean,Japan,3500.0,163509,6700.0,Maxima Sl
Ford,2021,Gasoline,Automatic,Black,Clean,USA,2300.0,143231,34000.0,Ranger Xlt
Jaguar,2017,Gasoline,Automatic,Gray,Clean,UK,3000.0,88514,25000.0,Xe 35T
Lincoln,2017,Gasoline,Automatic,Blue,Clean,USA,2000.0,115815,18750.0,Mkz Reserve
Cadillac,2020,Gasoline,Automatic,Black,Clean,USA,6200.0,148059,50000.0,Escalade Esv
Ford,2012,Flex Fuel,Automatic,Gray,Clean,USA,3000.0,257494,4500.0,Fusion
Mercedes-Benz,2012,Gasoline,Automatic,White,Clean,Germany,3500.0,154201,12000.0,E-Class E
Jeep,2014,Gasoline,Automatic,White,Accident Reported,USA,3600.0,213398,17000.0,Wrangler Unlimited
Jeep,2010,Gasoline,Automatic,Black,Clean,USA,3800.0,240532,10700.0,Wrangler
Jeep,2011,Gasoline,Automatic,Other,Clean,USA,3800.0,176458,16998.0,Wrangler
Acura,2019,Gasoline,Automatic,White,Clean,Japan,3500.0,145814,27698.0,Mdx W/Technology
Volkswagen,2019,Gasoline,Automatic,Gray,Clean,Germany,1400.0,94951,17000.0,Jetta 1.4T
Chevrolet,2002,Gasoline,Automatic,White,Clean,USA,5700.0,77248,21999.0,Camaro Z28
Chevrolet,2016,Gasoline,Manual,White,Clean,USA,6200.0,66788,66000.0,Corvette Z06
Porsche,2012,Gasoline,Automatic,Black,Clean,Germany,3400.0,86904,75000.0,Cayman R
Porsche,2018,Gasoline,Automatic,White,Clean,Germany,3600.0,113386,45855.0,Cayenne
Subaru,2018,Gasoline,Automatic,Gray,Clean,Japan,2000.0,135271,21499.0,Crosstrek 2.0I
BMW,2007,Gasoline,Automatic,Black,Clean,Germany,4800.0,184314,9000.0,750 Li
Jeep,2013,Gasoline,Automatic,Red,Accident Reported,USA,3600.0,180005,26500.0,Wrangler Sahara
GMC,2020,Diesel,Automatic,Black,Clean,USA,6600.0,84769,69500.0,Sierra 2500
BMW,2021,Gasoline,Automatic,Black,Clean,Germany,3000.0,50694,54500.0,X3 M
BMW,2011,Gasoline,Automatic,Red,Clean,Germany,3000.0,117482,16000.0,335 I
Jeep,2019,Gasoline,Automatic,Gray,Clean,USA,3600.0,96065,35900.0,Wrangler Unlimited
Toyota,2016,Gasoline,Automatic,White,Clean,Japan,1800.0,110021,16000.0,Corolla S
Land,2017,Gasoline,Automatic,Black,Accident Reported,UK,3000.0,75961,29000.0,Rover Discovery
Mercedes-Benz,2021,Hybrid,Automatic,Gray,Accident Reported,Germany,3000.0,28968,62000.0,E-Class E
Ford,2012,Hybrid,Automatic,Gray,Accident Reported,USA,2500.0,254865,8250.0,Fusion Hybrid
BMW,2017,Gasoline,Automatic,Blue,Clean,Germany,2000.0,79984,26000.0,X1 Xdrive
GMC,2010,Gasoline,Automatic,Brown,Clean,USA,2400.0,131161,12250.0,Terrain Sle
Ford,2003,Gasoline,Manual,Red,Clean,USA,4600.0,25910,35500.0,Mustang Svt
Land,2020,Gasoline,Automatic,White,Clean,UK,5000.0,87266,67500.0,Rover Range
RAM,2016,Gasoline,Automatic,Black,Clean,USA,6400.0,144036,35000.0,2500 Big
Ford,2013,Flex Fuel,Automatic,White,Accident Reported,USA,4600.0,140819,17777.0,E250 Cargo
MINI,2018,Gasoline,Automatic,Blue,Clean,UK,2000.0,19908,28900.0,Countryman Cooper
RAM,2019,Gasoline,Automatic,Gray,Clean,USA,5700.0,20062,28995.0,1500 Classic
Volvo,2011,Gasoline,Automatic,Red,Accident Reported,Sweden,2500.0,320259,5500.0,C70 T5
Mercedes-Benz,2007,Gasoline,Automatic,Black,Accident Reported,Germany,5500.0,125850,22999.0,Sl-Class Sl600
Toyota,2018,Hybrid,Automatic,White,Clean,Japan,2500.0,35405,29500.0,Camry Hybrid
GMC,2016,Gasoline,Automatic,White,Accident Reported,USA,3600.0,162213,12995.0,Acadia Sle-2
Chevrolet,2019,Gasoline,Automatic,Silver,Clean,USA,3600.0,160839,17816.0,Impala 1Lt
Jeep,2003,Gasoline,Automatic,Black,Clean,USA,3700.0,165762,5200.0,Liberty
Jaguar,2009,Gasoline,Automatic,Blue,Clean,UK,4200.0,147240,7000.0,Xf Luxury
Honda,2020,Gasoline,Automatic,Other,Accident Reported,Japan,2000.0,37226,23739.0,Civic
Subaru,2019,Gasoline,Automatic,Gray,Accident Reported,Japan,2500.0,123919,18749.0,Outback 2.5I
Land,2019,Gasoline,Automatic,White,Clean,UK,3000.0,32991,76000.0,Rover Range
Lexus,2019,Gasoline,Automatic,Gray,Accident Reported,Japan,3500.0,80161,33900.0,Es 350
Honda,2022,Gasoline,Automatic,Black,Clean,Japan,1500.0,32555,36727.0,Cr-V Touring
Alfa,2021,Gasoline,Automatic,White,Clean,Italy,2900.0,16991,75000.0,Romeo Giulia
BMW,2005,Gasoline,Manual,Red,Clean,Germany,3000.0,95434,30900.0,330 I
Maybach,2004,Gasoline,Automatic,Brown,Clean,Germany,5500.0,55126,64250.0,Type 57
Lexus,2021,Gasoline,Automatic,White,Clean,Japan,2500.0,39210,37998.0,Es 250
Mercedes-Benz,2016,Diesel,Automatic,White,Accident Reported,Germany,2100.0,224020,22000.0,Sprinter 2500
Mercedes-Benz,2012,Gasoline,Automatic,Black,Clean,Germany,3500.0,132040,13999.0,E-Class E
Dodge,1997,Gasoline,Automatic,White,Clean,USA,5200.0,458662,6399.0,Dakota
RAM,2017,Flex Fuel,Automatic,White,Accident Reported,USA,3600.0,42276,25307.0,1500 Tradesman/Express
Mazda,2016,Gasoline,Automatic,Brown,Accident Reported,Japan,2500.0,204597,16770.0,Cx-9 Touring
BMW,2021,Gasoline,Automatic,Black,Clean,Germany,2000.0,43452,38400.0,X3 Xdrive30I
Jeep,2015,Flex Fuel,Automatic,White,Clean,USA,3600.0,150312,18900.0,Grand Cherokee
BMW,2021,Hybrid,Automatic,White,Accident Reported,Germany,3000.0,14806,71200.0,X7 Xdrive40I
Mercedes-Benz,2014,Gasoline,Automatic,Brown,Accident Reported,Germany,4700.0,123678,32999.0,Sl-Class Sl
Bentley,2016,Gasoline,Automatic,Black,Accident Reported,UK,6000.0,98427,98000.0,Continental Gt
Jeep,2005,Gasoline,Automatic,Red,Accident Reported,USA,4000.0,234964,15900.0,Wrangler Unlimited
Volkswagen,2017,Gasoline,Automatic,Blue,Clean,Germany,1800.0,54476,16500.0,Golf Sportwagen
Jeep,2020,Gasoline,Automatic,Gray,Accident Reported,USA,2000.0,99505,39860.0,Wrangler Unlimited
Kia,2017,Gasoline,Automatic,Silver,Clean,South Korea,3300.0,174708,15998.0,Sorento Sxl
Lexus,2006,Gasoline,Automatic,Silver,Accident Reported,Japan,4300.0,308993,7390.0,Ls 430
Mercedes-Benz,2014,Gasoline,Automatic,Black,Clean,Germany,3500.0,133755,15500.0,E-Class E
RAM,2020,Gasoline,Automatic,Black,Clean,USA,5700.0,92215,43500.0,1500 Rebel
MINI,2008,Gasoline,Automatic,Red,Accident Reported,UK,1600.0,168176,4100.0,Cooper
Jeep,1996,Gasoline,Automatic,Black,Accident Reported,USA,4000.0,274476,6500.0,Cherokee
Ford,2013,Gasoline,Automatic,Silver,Clean,USA,5000.0,28968,29000.0,Mustang Gt
Lincoln,2019,Gasoline,Automatic,Black,Clean,USA,3500.0,62764,51999.0,Navigator Reserve
Jeep,2020,Gasoline,Automatic,Black,Clean,USA,3600.0,61155,45000.0,Gladiator Rubicon
Honda,2012,Gasoline,Automatic,Black,Clean,Japan,1800.0,269574,6500.0,Civic Ex
Jeep,2012,Flex Fuel,Automatic,White,Accident Reported,USA,3600.0,267150,13000.0,Grand Cherokee
Ford,2021,Gasoline,Automatic,Black,Clean,USA,5200.0,30899,82950.0,Shelby Gt500
Land,2022,Hybrid,Automatic,Green,Clean,UK,3000.0,74030,75000.0,Rover Defender
Hummer,2007,Gasoline,Automatic,White,Accident Reported,USA,3700.0,323477,7200.0,H3
Kia,2014,Gasoline,Automatic,Black,Accident Reported,South Korea,2400.0,140013,8900.0,Sportage Lx
GMC,2015,Gasoline,Automatic,White,Clean,USA,5300.0,233354,24950.0,Yukon Xl
Jeep,2020,Gasoline,Automatic,White,Clean,USA,3600.0,53205,36500.0,Wrangler Unlimited
Audi,2014,Gasoline,Automatic,Gray,Clean,Germany,3000.0,144036,18000.0,A6 3.0T
Jeep,2021,Hybrid,Automatic,Red,Clean,USA,3600.0,43452,37500.0,Wrangler 80Th
Jeep,2010,Gasoline,Manual,Blue,Clean,USA,3800.0,140415,18500.0,Wrangler
Volkswagen,2016,Gasoline,Automatic,White,Accident Reported,Germany,2000.0,123106,13000.0,Cc
Cadillac,2016,Gasoline,Automatic,Silver,Clean,USA,3600.0,113463,15500.0,Srx Luxury
Porsche,2009,Gasoline,Automatic,Black,Accident Reported,Germany,4800.0,67536,35000.0,Cayenne Turbo
Toyota,1999,Gasoline,Manual,Silver,Accident Reported,Japan,2700.0,429694,8000.0,4Runner
Mitsubishi,2003,Gasoline,Automatic,Gray,Accident Reported,Japan,3000.0,234964,4200.0,Eclipse Gt
Chevrolet,2023,Gasoline,Automatic,White,Clean,USA,6200.0,14484,82500.0,Corvette Stingray
Toyota,2022,Gasoline,Automatic,Gray,Clean,Japan,2400.0,1690,40000.0,Gr86
Land,2021,Gasoline,Automatic,Gray,Clean,UK,5000.0,35840,89900.0,Rover Range
Ford,2012,Gasoline,Automatic,White,Clean,USA,5000.0,32026,26500.0,Mustang Gt
RAM,2012,Gasoline,Automatic,Black,Clean,USA,5700.0,182660,17900.0,1500
Infiniti,2022,Gasoline,Automatic,Red,Clean,Japan,3000.0,5311,54000.0,Q60 3.0T
BMW,2015,Gasoline,Automatic,Black,Clean,Germany,4400.0,43452,52500.0,M5
Kia,2022,Gasoline,Automatic,White,Accident Reported,South Korea,1600.0,35568,29430.0,K5 Gt-Line
Subaru,2013,Gasoline,Manual,Gray,Clean,Japan,2000.0,74757,22888.0,Brz
Lincoln,2019,Gasoline,Automatic,White,Clean,USA,2000.0,57936,26500.0,Mkz Reserve
Chevrolet,2019,Gasoline,Manual,Silver,Clean,USA,6200.0,21082,61950.0,Corvette Grand
Audi,2019,Gasoline,Automatic,White,Accident Reported,Germany,2000.0,80467,27000.0,Q5
Mazda,2018,Gasoline,Automatic,White,Clean,Japan,2500.0,31382,32250.0,Cx-9 Signature
Ford,2016,Gasoline,Manual,Orange,Accident Reported,USA,5000.0,57936,31000.0,Mustang Gt
Chevrolet,2022,Gasoline,Automatic,Orange,Clean,USA,6200.0,10686,51999.0,Camaro 1Ss
BMW,2016,Gasoline,Automatic,White,Accident Reported,Germany,3000.0,120459,21900.0,X5 Xdrive35I
Nissan,2014,Gasoline,Automatic,White,Accident Reported,Japan,3500.0,188293,10900.0,Maxima Sv
Infiniti,2022,Gasoline,Automatic,Gold,Clean,Japan,3500.0,9656,57999.0,Qx60 Autograph
Mitsubishi,2006,Gasoline,Manual,Silver,Clean,Japan,2000.0,205996,37999.0,Lancer Evolution
BMW,2021,Gasoline,Automatic,White,Clean,Germany,2000.0,24140,39995.0,X3 Xdrive30I
Toyota,2016,Gasoline,Automatic,Red,Clean,Japan,5700.0,191511,29950.0,Tundra Sr5
Lincoln,2006,Gasoline,Automatic,Silver,Accident Reported,USA,5400.0,140817,12999.0,Mark Lt
Ford,2011,Gasoline,Automatic,Black,Clean,USA,3500.0,239792,7999.0,Flex
Audi,2015,Flex Fuel,Automatic,Gray,Accident Reported,Germany,2000.0,88031,20995.0,Q5
Ford,2021,Gasoline,Automatic,Black,Clean,USA,3500.0,73996,38532.0,F-150 Xl
Lincoln,2017,Gasoline,Automatic,White,Clean,USA,2700.0,91485,29000.0,Continental Reserve
Jeep,2017,Gasoline,Automatic,Blue,Accident Reported,USA,3600.0,128989,22500.0,Grand Cherokee
GMC,2013,Gasoline,Automatic,Blue,Accident Reported,USA,2400.0,18609,12300.0,Terrain Slt-1
Mercedes-Benz,2021,Hybrid,Automatic,Gray,Clean,Germany,3000.0,25130,78000.0,Amg E
Subaru,2013,Gasoline,Manual,Blue,Accident Reported,Japan,2500.0,181855,16000.0,Impreza Wrx
Kia,2018,Gasoline,Automatic,White,Clean,South Korea,2400.0,119091,15000.0,Optima S
Mercedes-Benz,2011,Gasoline,Automatic,Black,Clean,Germany,3500.0,159647,11900.0,M-Class Ml
Volkswagen,2018,Gasoline,Automatic,Red,Clean,Germany,2000.0,59262,23999.0,Beetle S
Acura,2005,Gasoline,Automatic,Gray,Accident Reported,Japan,2000.0,299402,6700.0,Rsx
GMC,2020,Gasoline,Automatic,Black,Clean,USA,3600.0,93342,27700.0,Acadia Sle
Ford,2020,Gasoline,Automatic,Blue,Clean,USA,2700.0,50292,42500.0,F-150 Lariat
Jeep,2020,Gasoline,Automatic,White,Clean,USA,3600.0,69202,46500.0,Gladiator Overland
Toyota,2020,Gasoline,Manual,Black,Clean,Japan,3500.0,66303,41598.0,Tacoma Trd
Genesis,2022,Gasoline,Automatic,Gray,Clean,South Korea,3500.0,20760,53000.0,Gv70 3.5T
MINI,2020,Gasoline,Automatic,Black,Clean,UK,1500.0,120258,21612.0,Countryman Cooper
Mazda,2021,Gasoline,Automatic,Silver,Clean,Japan,2500.0,98358,26485.0,Cx-5 Grand
BMW,2003,Gasoline,Manual,Silver,Accident Reported,Germany,2500.0,228526,4800.0,325 I
Toyota,2012,Gasoline,Automatic,Black,Accident Reported,Japan,1500.0,208176,7950.0,Yaris L
Chevrolet,2010,Flex Fuel,Automatic,White,Accident Reported,USA,5300.0,328305,4900.0,Express 1500
Lincoln,2016,Gasoline,Automatic,Black,Clean,USA,3500.0,186040,22500.0,Navigator L
Jeep,2023,Hybrid,Automatic,Gray,Clean,USA,3600.0,2515,62500.0,Wrangler Sahara
Bentley,2007,Gasoline,Automatic,Black,Accident Reported,UK,6000.0,116140,35995.0,Continental Gt
Lexus,2018,Gasoline,Automatic,Gray,Clean,Japan,3500.0,42004,37899.0,Rx 350
BMW,2017,Gasoline,Automatic,White,Clean,Germany,2000.0,94758,21000.0,430 I
Honda,2008,Gasoline,Manual,Silver,Accident Reported,Japan,1800.0,306805,5500.0,Civic Ex
Porsche,2020,Gasoline,Automatic,White,Clean,Germany,3000.0,60350,59900.0,Cayenne
Cadillac,2013,Gasoline,Automatic,Blue,Clean,USA,2500.0,362102,13600.0,Ats 2.5L
Lexus,2014,Gasoline,Automatic,White,Clean,Japan,4600.0,198361,24995.0,Ls 460
Cadillac,2021,Gasoline,Automatic,White,Clean,USA,6200.0,18441,88900.0,Escalade Luxury
Mercedes-Benz,2016,Gasoline,Automatic,White,Clean,Germany,2000.0,108291,20490.0,C-Class C
Hyundai,2013,Gasoline,Automatic,Silver,Accident Reported,South Korea,1600.0,91470,10500.0,Veloster
Chevrolet,2002,Gasoline,Automatic,Orange,Clean,USA,5700.0,71081,30000.0,Corvette
Mercedes-Benz,2019,Gasoline,Automatic,Blue,Clean,Germany,2000.0,96184,26900.0,C-Class C
Kia,2018,Gasoline,Automatic,Silver,Clean,South Korea,3300.0,90606,29950.0,Stinger Gt
Volvo,2004,Gasoline,Manual,Black,Clean,Sweden,2500.0,268760,8000.0,S60 R
Chevrolet,2015,Flex Fuel,Automatic,Brown,Clean,USA,6000.0,197579,27499.0,Silverado 2500
Land,2019,Gasoline,Automatic,Black,Clean,UK,3000.0,95387,54995.0,Rover Range
GMC,2015,Gasoline,Automatic,Silver,Accident Reported,USA,5300.0,164153,24500.0,Sierra 1500
Chevrolet,2020,Gasoline,Automatic,Red,Accident Reported,USA,5300.0,65869,44800.0,Silverado 1500
Chevrolet,2022,Gasoline,Automatic,White,Clean,USA,6200.0,30899,69790.0,Suburban Z71
Land,2011,Gasoline,Automatic,Black,Clean,UK,5000.0,168981,10000.0,Rover Range
Ford,2016,Diesel,Automatic,Gray,Clean,USA,6700.0,197386,38900.0,F-250 Lariat
Subaru,2022,Gasoline,Manual,White,Clean,Japan,2400.0,22531,34999.0,Brz
Lexus,2008,Gasoline,Automatic,Black,Clean,Japan,4600.0,162331,15397.0,Ls 460
Land,2013,Gasoline,Automatic,Black,Accident Reported,UK,5000.0,178637,15000.0,Rover Range
Cadillac,2021,Gasoline,Automatic,White,Accident Reported,USA,6200.0,61960,94995.0,Escalade Platinum
Nissan,2020,Gasoline,Automatic,White,Clean,Japan,3500.0,66385,21865.0,Pathfinder S
MINI,2006,Gasoline,Automatic,Orange,Clean,UK,1600.0,160290,5500.0,Cooper S
Acura,2013,Gasoline,Automatic,White,Accident Reported,Japan,2000.0,318649,11000.0,Ilx 2.0L
Lexus,2021,Gasoline,Automatic,Silver,Accident Reported,Japan,3500.0,33149,42599.0,Rx 350
Porsche,2013,Gasoline,Manual,White,Clean,Germany,3800.0,83756,76500.0,911 Carrera
MINI,2022,Gasoline,Manual,Gray,Clean,UK,2000.0,38265,30000.0,Hardtop Cooper
Ford,2018,Gasoline,Automatic,Gold,Accident Reported,USA,3500.0,97623,46900.0,F-150 Platinum
Mazda,2018,Gasoline,Automatic,Gray,Clean,Japan,2500.0,98170,21800.0,Cx-5 Touring
Lexus,2020,Gasoline,Automatic,Black,Clean,Japan,3500.0,86502,32600.0,Rx 350
BMW,2023,Gasoline,Automatic,Black,Clean,Germany,4400.0,22104,77897.0,X5 M50I
Mercedes-Benz,2019,Gasoline,Automatic,Black,Clean,Germany,2000.0,52432,33998.0,E-Class E
Porsche,2006,Gasoline,Manual,Silver,Accident Reported,Germany,3600.0,154939,52500.0,911 Carrera
Ford,2015,Diesel,Automatic,Red,Clean,USA,6700.0,260713,32000.0,F-350 Lariat
BMW,2019,Gasoline,Automatic,White,Clean,Germany,2000.0,148124,24999.0,X3 Xdrive30I
RAM,2017,Gasoline,Automatic,Blue,Accident Reported,USA,5700.0,118592,27000.0,1500 Slt
Toyota,2009,Gasoline,Manual,Brown,Clean,Japan,2700.0,78455,17900.0,Tacoma
Cadillac,2011,Gasoline,Automatic,Gray,Clean,USA,3000.0,200430,8450.0,Srx Performance
Ford,2010,Gasoline,Automatic,White,Clean,USA,4600.0,111044,20000.0,Mustang Gt
Dodge,2004,Diesel,Automatic,Black,Clean,USA,5900.0,238182,19000.0,Ram 2500
BMW,2006,Gasoline,Manual,Silver,Clean,Germany,4800.0,196566,10500.0,650 I
Subaru,2012,Gasoline,Manual,Black,Clean,Japan,2500.0,170590,15000.0,Impreza Wrx
Ford,2017,Gasoline,Automatic,Gray,Accident Reported,USA,2000.0,182329,16500.0,Edge Titanium
Kia,2021,Gasoline,Automatic,Black,Clean,South Korea,3800.0,39305,44315.0,Telluride Sx
RAM,2018,Gasoline,Automatic,White,Accident Reported,USA,5700.0,88192,37050.0,1500 Rebel
Ford,2017,Gasoline,Automatic,Gray,Clean,USA,3500.0,259104,17500.0,Explorer Xlt
Mercedes-Benz,2019,Gasoline,Automatic,Black,Clean,Germany,3000.0,46277,61350.0,Amg Gle
Audi,2016,Flex Fuel,Automatic,White,Accident Reported,Germany,2000.0,83855,20499.0,Q5
Nissan,2018,Gasoline,Automatic,Black,Clean,Japan,5600.0,193040,20999.0,Armada Platinum
Mercedes-Benz,2003,Gasoline,Automatic,White,Clean,Germany,5000.0,128878,12500.0,Sl-Class Sl500
Jeep,2021,Gasoline,Automatic,Black,Clean,USA,3600.0,6598,55000.0,Gladiator Overland
Dodge,2017,Gasoline,Automatic,Red,Clean,USA,3600.0,101791,18650.0,Charger
Lincoln,2017,Gasoline,Automatic,Silver,Clean,USA,2700.0,111738,26500.0,Mkx Black
Toyota,2015,Gasoline,Automatic,Black,Clean,Japan,5700.0,173880,31380.0,Tundra Sr5
BMW,2008,Gasoline,Automatic,Black,Clean,Germany,3000.0,157715,13998.0,335 I
BMW,2019,Gasoline,Automatic,White,Clean,Germany,2000.0,84093,34500.0,X1 Xdrive28I
Mercedes-Benz,2015,Diesel,Automatic,White,Clean,Germany,3000.0,2414,39500.0,Sprinter High
Dodge,2021,Gasoline,Automatic,Black,Clean,USA,3600.0,64374,32500.0,Challenger Gt
Audi,2012,Gasoline,Automatic,Black,Clean,Germany,3000.0,62310,31000.0,S4 3.0
Toyota,2018,Gasoline,Automatic,Other,Clean,Japan,3500.0,135481,35998.0,Tacoma Trd
Mercedes-Benz,2021,Diesel,Automatic,Red,Clean,Germany,3000.0,21475,56500.0,Sprinter 2500
Infiniti,2018,Gasoline,Automatic,Black,Clean,Japan,3000.0,83444,28900.0,Q50 3.0T
Porsche,2002,Gasoline,Manual,Black,Accident Reported,Germany,3600.0,192316,36995.0,911 Carrera
Ford,2021,Gasoline,Automatic,White,Clean,USA,3500.0,49758,51999.0,Expedition Max
Chevrolet,2023,Gasoline,Automatic,Gray,Clean,USA,6200.0,1770,92000.0,Corvette Stingray
Mercedes-Benz,2019,Gasoline,Automatic,Blue,Clean,Germany,2000.0,64374,27900.0,C-Class C
Jeep,2005,Gasoline,Automatic,Black,Clean,USA,5700.0,161739,9998.0,Grand Cherokee
Dodge,2020,Gasoline,Automatic,Gray,Accident Reported,USA,6200.0,87419,67000.0,Charger Srt
Mercedes-Benz,2018,Gasoline,Automatic,Black,Clean,Germany,2000.0,78858,23450.0,C-Class C
Cadillac,2007,Gasoline,Automatic,Gold,Accident Reported,USA,4600.0,209214,3499.0,Dts Luxury
Maserati,2023,Gasoline,Automatic,White,Clean,Italy,2000.0,5988,69645.0,Grecale Modena
Mercedes-Benz,2016,Gasoline,Automatic,Black,Clean,Germany,4700.0,125691,34500.0,S-Class S
Chevrolet,2017,Gasoline,Automatic,Gray,Accident Reported,USA,1500.0,86904,16000.0,Malibu 1Lt
Nissan,2011,Gasoline,Automatic,White,Accident Reported,Japan,3500.0,297728,7500.0,Quest Sl
Mercedes-Benz,2015,Gasoline,Automatic,Blue,Clean,Germany,1800.0,78858,23500.0,Slk-Class Slk
GMC,2024,Gasoline,Automatic,White,Clean,USA,6600.0,3288,81500.0,Sierra 2500
Lexus,2016,Gasoline,Automatic,Black,Clean,Japan,3500.0,115470,28000.0,Rx 350
Chevrolet,2020,Gasoline,Automatic,Other,Clean,USA,6200.0,8359,87500.0,Corvette Stingray
BMW,2019,Gasoline,Automatic,White,Clean,Germany,2000.0,67914,27500.0,330 I
Mercedes-Benz,2020,Gasoline,Automatic,Gold,Clean,Germany,2000.0,68746,33500.0,Glc 300
Chevrolet,2022,Gasoline,Manual,Other,Clean,USA,6200.0,17846,80900.0,Corvette Stingray
Jaguar,2018,Gasoline,Automatic,Black,Clean,UK,2000.0,60796,32500.0,Xf 25T
Ford,2021,Gasoline,Automatic,Blue,Clean,USA,2700.0,57809,42995.0,F-150 Xlt
Scion,2014,Gasoline,Manual,Black,Accident Reported,Japan,2000.0,262353,8900.0,Fr-S Monogram
Mercedes-Benz,2020,Gasoline,Automatic,Blue,Clean,Germany,2000.0,22885,35500.0,C-Class C
Chevrolet,2019,Gasoline,Automatic,Silver,Clean,USA,5300.0,78663,49573.0,Tahoe Premier
BMW,2002,Gasoline,Automatic,Black,Clean,Germany,3200.0,188615,15000.0,M3
Ford,2016,Flex Fuel,Automatic,Gray,Clean,USA,5000.0,40234,65000.0,F-150 Lariat
Infiniti,2013,Gasoline,Automatic,Gray,Clean,Japan,3700.0,53591,21990.0,G37 Journey
Ford,2007,Gasoline,Automatic,White,Clean,USA,5400.0,199431,6900.0,Expedition Xlt
BMW,2021,Gasoline,Automatic,Blue,Clean,Germany,2000.0,20600,39990.0,X3 Sdrive30I
Aston,2015,Gasoline,Manual,Black,Clean,UK,4700.0,33957,80000.0,Martin Vantage
Chevrolet,2009,Flex Fuel,Automatic,Black,Clean,USA,5300.0,168551,15000.0,Tahoe Lt
Ford,2020,Gasoline,Automatic,White,Accident Reported,USA,3500.0,85295,38500.0,Transit-250
Lexus,2021,Gasoline,Automatic,Other,Clean,Japan,2500.0,28276,39998.0,Es 250
RAM,2020,Hybrid,Automatic,Gray,Accident Reported,USA,5700.0,102797,41900.0,1500 Rebel
Ford,2023,Hybrid,Automatic,Silver,Clean,USA,2500.0,20117,29999.0,Maverick Xl
BMW,2001,Gasoline,Manual,Black,Clean,Germany,3000.0,167355,10500.0,Z3 3.0I
Chevrolet,2022,Gasoline,Manual,Blue,Clean,USA,6200.0,11265,50000.0,Camaro 1Ss
Chevrolet,2023,Gasoline,Automatic,Blue,Clean,USA,6200.0,14484,92000.0,Corvette Stingray
Pontiac,2007,Gasoline,Automatic,Silver,Clean,USA,2000.0,12553,19000.0,Solstice Gxp
Cadillac,2017,Gasoline,Automatic,Gray,Accident Reported,USA,3600.0,111510,20997.0,Xts Luxury
Toyota,2011,Gasoline,Automatic,White,Accident Reported,Japan,3500.0,170590,16600.0,Highlander
Lincoln,2020,Gasoline,Automatic,Black,Accident Reported,USA,3500.0,109435,55999.0,Navigator Reserve
Toyota,2019,Hybrid,Automatic,Blue,Clean,Japan,3500.0,22254,43000.0,Highlander Hybrid
Audi,2018,Gasoline,Automatic,White,Clean,Germany,2000.0,63730,26999.0,A3 Tech
Jeep,2003,Gasoline,Manual,Gold,Clean,USA,2400.0,148059,12500.0,Wrangler
Toyota,2022,Gasoline,Automatic,Black,Clean,Japan,3500.0,8079,36500.0,Tacoma Sr
Chevrolet,2007,Gasoline,Automatic,Black,Accident Reported,USA,6000.0,173487,15000.0,Trailblazer Ss
Audi,2019,Gasoline,Automatic,Gray,Clean,Germany,2000.0,38346,34995.0,A5
Audi,2020,Hybrid,Automatic,White,Clean,Germany,3000.0,40716,39900.0,A6 55
Mercedes-Benz,2016,Diesel,Automatic,Silver,Accident Reported,Germany,3000.0,642127,24500.0,Sprinter 2500
Porsche,2005,Gasoline,Manual,Silver,Clean,Germany,3600.0,74352,49999.0,911 Carrera
Chevrolet,2022,Gasoline,Automatic,Red,Clean,USA,6200.0,5082,85989.0,Corvette Stingray
GMC,2021,Gasoline,Automatic,White,Clean,USA,2000.0,41843,30900.0,Acadia Sle
Chevrolet,2007,Gasoline,Automatic,Red,Accident Reported,USA,6000.0,198753,27000.0,Corvette
Ford,2018,Gasoline,Manual,White,Clean,USA,5000.0,43195,42500.0,Mustang Gt
Ford,2021,Gasoline,Automatic,Silver,Clean,USA,2000.0,28704,31933.0,Edge
Cadillac,2012,Flex Fuel,Automatic,Black,Clean,USA,6200.0,184269,16100.0,Escalade Luxury
Chevrolet,2022,Gasoline,Automatic,White,Clean,USA,6200.0,8690,89900.0,Corvette Stingray
Toyota,2016,Gasoline,Automatic,Red,Clean,Japan,1800.0,28163,15100.0,Corolla
Chevrolet,2017,Gasoline,Automatic,Blue,Clean,USA,4800.0,90123,44600.0,Express 2500
Chevrolet,2020,Gasoline,Automatic,Black,Clean,USA,1400.0,33474,19000.0,Trax Ls
Volkswagen,2015,Gasoline,Automatic,Black,Clean,Germany,1800.0,173073,13200.0,Golf Auto
Nissan,2012,Gasoline,Automatic,Black,Clean,Japan,4000.0,331524,5000.0,Pathfinder Silver
Ford,2018,Flex Fuel,Automatic,Black,Clean,USA,5000.0,59707,46000.0,F-150 Platinum
Land,2019,Gasoline,Automatic,Silver,Clean,UK,3000.0,31886,51900.0,Rover Range
Kia,2010,Gasoline,Automatic,White,Clean,South Korea,2700.0,335259,3500.0,Sportage Lx
Lexus,2012,Gasoline,Automatic,White,Accident Reported,Japan,4600.0,321868,9995.0,Ls 460
MINI,2012,Gasoline,Automatic,White,Clean,UK,1600.0,106216,10999.0,Cooper S
Volvo,2019,Gasoline,Automatic,Silver,Clean,Sweden,2000.0,33189,36800.0,Xc60 T6
Ford,2018,Gasoline,Automatic,Black,Clean,USA,3500.0,138403,26900.0,Explorer
Mercedes-Benz,2016,Gasoline,Automatic,Blue,Clean,Germany,4000.0,82646,73000.0,G-Class G
Jeep,2021,Gasoline,Automatic,Gray,Clean,USA,6400.0,61155,72980.0,Wrangler Unlimited
Toyota,2015,Hybrid,Automatic,Blue,Clean,Japan,2500.0,259104,11500.0,Avalon Hybrid
Nissan,2012,Gasoline,Automatic,Black,Clean,Japan,1600.0,120298,12500.0,Juke Sl
Porsche,2013,Gasoline,Automatic,Gray,Accident Reported,Germany,3400.0,108666,59500.0,911 Carrera
MINI,2012,Gasoline,Automatic,White,Clean,UK,1600.0,244620,9000.0,Cooper S
Subaru,2019,Gasoline,Automatic,Black,Clean,Japan,2400.0,114702,23900.0,Ascent Touring
Subaru,2017,Gasoline,Manual,Blue,Clean,Japan,2500.0,60833,32500.0,Wrx Sti
Land,2019,Gasoline,Automatic,White,Clean,UK,3000.0,67592,48990.0,Rover Range
Kia,2022,Plug-In Hybrid,Automatic,White,Clean,South Korea,1600.0,16256,44990.0,Sorento Plug-In
Chevrolet,2022,Gasoline,Automatic,White,Clean,USA,6200.0,12714,92500.0,Corvette Stingray
Nissan,2017,Gasoline,Automatic,Black,Clean,Japan,5600.0,301173,16995.0,Armada Sv
Porsche,2014,Gasoline,Automatic,White,Clean,Germany,4800.0,159486,32000.0,Cayenne Turbo
Subaru,2021,Gasoline,Automatic,Blue,Clean,Japan,2400.0,53913,34000.0,Outback Touring
Acura,2016,Gasoline,Automatic,Black,Clean,Japan,3500.0,165223,15450.0,Rlx Advance
Ford,2001,Gasoline,Manual,Black,Clean,USA,4600.0,84772,16995.0,Mustang Gt
BMW,2017,Gasoline,Automatic,White,Clean,Germany,2000.0,95278,23000.0,330 I
Mercedes-Benz,2009,Gasoline,Automatic,Black,Clean,Germany,5500.0,96721,27000.0,Sl-Class Sl550
Audi,2021,Gasoline,Automatic,Black,Clean,Germany,4000.0,69585,76400.0,Sq8 4.0T
MINI,2007,Gasoline,Automatic,Beige,Clean,UK,1600.0,189902,3600.0,Cooper S
Ford,2021,Gasoline,Automatic,Yellow,Clean,USA,2300.0,27842,31000.0,Mustang Ecoboost
Audi,2016,Gasoline,Automatic,White,Clean,Germany,4000.0,104285,50000.0,Rs 7
Mercedes-Benz,2022,Gasoline,Automatic,Blue,Clean,Germany,2000.0,2266,46798.0,Glc 300
Volkswagen,2015,Diesel,Automatic,Gold,Clean,Germany,3000.0,24409,35000.0,Touareg Tdi
Porsche,2016,Gasoline,Automatic,White,Clean,Germany,3600.0,103963,41000.0,Cayenne Gts
Jeep,2022,Gasoline,Automatic,Black,Clean,USA,6400.0,50070,83000.0,Grand Wagoneer
MINI,2011,Gasoline,Manual,Silver,Clean,UK,1600.0,102193,10500.0,Cooper S
RAM,2022,Gasoline,Automatic,Black,Clean,USA,5700.0,21668,46999.0,1500 Laramie
Chevrolet,2001,Gasoline,Automatic,Black,Clean,USA,3800.0,104247,7500.0,Camaro
Jeep,2022,Gasoline,Automatic,Gray,Clean,USA,3200.0,15451,33498.0,Cherokee X
BMW,2013,Gasoline,Automatic,Black,Accident Reported,Germany,4400.0,217261,14000.0,Alpina B7
Volvo,2013,Gasoline,Automatic,White,Accident Reported,Sweden,3200.0,336133,7500.0,Xc90 3.2
Infiniti,2016,Gasoline,Automatic,Gray,Accident Reported,Japan,3000.0,80261,21500.0,Q50 3.0T
MINI,2009,Gasoline,Manual,Red,Clean,UK,1600.0,145431,9250.0,Cooper
Porsche,2014,Gasoline,Automatic,White,Clean,Germany,3800.0,59014,82499.0,911 Carrera
Jeep,2023,Gasoline,Automatic,Other,Clean,USA,6400.0,6038,84620.0,Grand Wagoneer
Lexus,2021,Gasoline,Automatic,White,Clean,Japan,3500.0,49505,44950.0,Rx 350
RAM,2022,Gasoline,Automatic,Black,Clean,USA,5700.0,21626,46599.0,1500 Laramie
Jeep,2020,Gasoline,Automatic,Red,Clean,USA,3600.0,14645,49895.0,Gladiator Overland
Ford,2011,Hybrid,Automatic,White,Accident Reported,USA,2500.0,360209,4500.0,Fusion Hybrid
Audi,2016,Gasoline,Automatic,Black,Clean,Germany,2000.0,154497,21990.0,A6
Chevrolet,2004,Gasoline,Automatic,Red,Accident Reported,USA,5300.0,297728,10500.0,Silverado 1500
Honda,2017,Hybrid,Automatic,White,Accident Reported,Japan,2000.0,155140,18500.0,Accord Hybrid
RAM,2018,Gasoline,Automatic,White,Clean,USA,6400.0,109218,36500.0,2500 Slt
Land,2015,Flex Fuel,Automatic,Blue,Clean,UK,5000.0,103481,44850.0,Rover Range
Chevrolet,2018,Gasoline,Automatic,White,Clean,USA,3600.0,123115,33500.0,Colorado Zr2
GMC,2017,Diesel,Automatic,Blue,Accident Reported,USA,6600.0,155049,53000.0,Sierra 2500
Subaru,2018,Gasoline,Automatic,Blue,Clean,Japan,2000.0,120057,24000.0,Crosstrek 2.0I
Subaru,2014,Gasoline,Automatic,Other,Accident Reported,Japan,2500.0,253519,9995.0,Outback 2.5I
Jeep,2012,Gasoline,Automatic,Orange,Clean,USA,3600.0,128747,30000.0,Wrangler Unlimited
Mercedes-Benz,2021,Gasoline,Automatic,Blue,Clean,Germany,2000.0,30577,37999.0,C-Class C
Porsche,2013,Gasoline,Automatic,Gray,Accident Reported,Germany,3800.0,102998,67000.0,911 Carrera
Mercedes-Benz,2019,Gasoline,Automatic,White,Clean,Germany,3000.0,54827,46900.0,Gls 450
Buick,2021,Gasoline,Automatic,Other,Clean,USA,2000.0,32354,33295.0,Envision Preferred
Nissan,2022,Gasoline,Automatic,Red,Clean,Japan,5600.0,13518,59950.0,Armada Platinum
Chevrolet,2021,Gasoline,Automatic,White,Clean,USA,6200.0,39702,72500.0,Corvette Stingray
Ford,2013,Gasoline,Manual,White,Clean,USA,5800.0,26519,66400.0,Mustang Shelby
Ford,2018,Flex Fuel,Automatic,Gray,Clean,USA,5000.0,84490,35000.0,F-150 Xl
Porsche,2004,Gasoline,Automatic,Silver,Clean,Germany,4500.0,148864,12000.0,Cayenne Turbo
Mitsubishi,2008,Gasoline,Automatic,Gray,Accident Reported,Japan,3800.0,101276,10000.0,Eclipse Spyder
Lexus,2007,Gasoline,Automatic,White,Clean,Japan,4700.0,187649,19975.0,Gx 470
Dodge,2010,Gasoline,Automatic,Red,Accident Reported,USA,3700.0,276845,7500.0,Dakota Big
Jeep,2012,Gasoline,Automatic,Black,Clean,USA,3600.0,92114,22500.0,Wrangler
Subaru,2020,Gasoline,Automatic,Silver,Clean,Japan,2500.0,71777,28300.0,Outback
Jeep,2013,Gasoline,Manual,Black,Clean,USA,3600.0,292626,21000.0,Wrangler Unlimited
Subaru,2021,Gasoline,Automatic,Other,Clean,Japan,2400.0,64290,36791.0,Ascent Touring
Ford,2017,Diesel,Automatic,White,Clean,USA,6700.0,251786,40000.0,F-350 Xl
Porsche,2014,Gasoline,Automatic,Silver,Clean,Germany,4800.0,251368,36000.0,Cayenne Turbo
BMW,2020,Gasoline,Automatic,Gray,Clean,Germany,2000.0,45044,29000.0,X1 Xdrive28I
Toyota,2014,Gasoline,Automatic,Blue,Accident Reported,Japan,4000.0,236090,24999.0,4Runner
GMC,2019,Gasoline,Automatic,Black,Accident Reported,USA,6200.0,142346,42900.0,Yukon Denali
Toyota,2020,Gasoline,Automatic,Gray,Accident Reported,Japan,2000.0,22635,27671.0,C-Hr
Subaru,2020,Gasoline,Automatic,Other,Accident Reported,Japan,2400.0,59295,30427.0,Outback Xt
Chevrolet,2020,Gasoline,Automatic,White,Clean,USA,5300.0,78858,44900.0,Silverado 1500
BMW,2013,Gasoline,Automatic,White,Clean,Germany,4400.0,93342,17900.0,X5 Xdrive50I
Audi,2021,Hybrid,Automatic,Blue,Clean,Germany,3000.0,36693,52000.0,A6 55
Subaru,2014,Gasoline,Automatic,Blue,Clean,Japan,2500.0,125540,14750.0,Outback 2.5I
Ford,2020,Diesel,Automatic,Gray,Clean,USA,6700.0,58741,69900.0,F-250 King
Honda,2004,Gasoline,Automatic,Brown,Accident Reported,Japan,2400.0,251620,3990.0,Cr-V Ex
Lexus,2021,Gasoline,Automatic,White,Clean,Japan,4600.0,28501,59000.0,Gx 460
Ford,2013,Gasoline,Automatic,Brown,Accident Reported,USA,3500.0,239792,7850.0,Explorer Xlt
Subaru,2015,Gasoline,Automatic,Silver,Clean,Japan,2500.0,144841,16000.0,Forester 2.5I
Ford,2022,Gasoline,Automatic,Silver,Clean,USA,2700.0,16077,64500.0,Bronco Wildtrak
Mercedes-Benz,2019,Gasoline,Automatic,Other,Clean,Germany,2000.0,46129,29500.0,A-Class A
Lexus,2015,Gasoline,Automatic,Gray,Accident Reported,Japan,2000.0,199960,17900.0,Nx 200T
Ford,2017,Diesel,Automatic,White,Clean,USA,6700.0,81722,61000.0,F-250 Lariat
Toyota,2022,Gasoline,Automatic,Red,Clean,Japan,3500.0,31158,38298.0,Camry Xse
Mercedes-Benz,2005,Gasoline,Automatic,Gray,Clean,Germany,5400.0,210824,16500.0,E-Class E55
Toyota,2022,Gasoline,Automatic,Gray,Clean,Japan,3500.0,49890,43000.0,Highlander
Volvo,2021,Plug-In Hybrid,Automatic,Gray,Clean,Sweden,2000.0,38878,44900.0,S60 Recharge
Audi,2016,Gasoline,Automatic,Black,Accident Reported,Germany,3000.0,117265,22000.0,A6 3.0T
Mercedes-Benz,2014,Gasoline,Automatic,Blue,Clean,Germany,3500.0,144137,18995.0,E-Class E
Nissan,2012,Gasoline,Automatic,Black,Accident Reported,Japan,1600.0,116901,15000.0,Juke Sl
Mercedes-Benz,2012,Gasoline,Automatic,Black,Clean,Germany,4600.0,127138,19999.0,Cls-Class Cls
Audi,2012,Gasoline,Automatic,White,Clean,Germany,2000.0,179544,11200.0,A3
Lexus,2018,Gasoline,Automatic,White,Accident Reported,Japan,4600.0,120700,38095.0,Gx 460
Ford,2007,Gasoline,Automatic,Black,Accident Reported,USA,4000.0,272965,5900.0,Mustang
Honda,2011,Gasoline,Automatic,Black,Clean,Japan,3500.0,281634,9000.0,Pilot Ex-L
BMW,2017,Gasoline,Automatic,Black,Clean,Germany,3000.0,158520,24500.0,540 I
Chrysler,2012,Gasoline,Automatic,Black,Accident Reported,USA,3600.0,85295,13750.0,300 S
RAM,2015,Diesel,Automatic,Black,Clean,USA,6700.0,116194,52500.0,2500 Longhorn
Acura,2005,Gasoline,Manual,Black,Clean,Japan,2400.0,243976,7899.0,Tsx
Lotus,2011,Gasoline,Manual,White,Clean,UK,3500.0,32187,51000.0,Evora 2+2
Chevrolet,2010,Flex Fuel,Automatic,Black,Accident Reported,USA,5300.0,273588,9000.0,Avalanche 1500
Ford,2019,Flex Fuel,Automatic,Silver,Clean,USA,5000.0,112332,34600.0,F-150 Xlt
Toyota,2020,Gasoline,Automatic,Gray,Accident Reported,Japan,5700.0,42326,46199.0,Tundra Sr5
Honda,2007,Gasoline,Automatic,Red,Accident Reported,Japan,1500.0,251236,5200.0,Fit
Chevrolet,2016,Diesel,Automatic,Red,Accident Reported,USA,6600.0,277772,32500.0,Silverado 2500
Honda,2010,Gasoline,Automatic,Green,Clean,Japan,3500.0,233354,9000.0,Accord Crosstour
Ford,2001,Gasoline,Automatic,White,Clean,USA,5400.0,103495,7500.0,F-250 Xlt
RAM,2021,Gasoline,Automatic,Black,Clean,USA,6200.0,24435,90000.0,1500 Trx
Buick,2020,Gasoline,Automatic,Black,Clean,USA,2500.0,45943,32063.0,Envision Essence
Volkswagen,2022,Gasoline,Automatic,Gray,Clean,Germany,3600.0,22531,46900.0,Atlas 3.6L
Mercedes-Benz,2019,Hybrid,Automatic,Yellow,Clean,Germany,3000.0,107826,44500.0,Cls 450
Jeep,2017,Gasoline,Automatic,Gray,Clean,USA,3600.0,136450,23500.0,Wrangler Unlimited
Mercedes-Benz,2008,Gasoline,Automatic,Black,Clean,Germany,6200.0,149669,17800.0,S-Class S
Hyundai,2010,Gasoline,Manual,Blue,Accident Reported,South Korea,3800.0,205191,6000.0,Genesis Coupe
GMC,2022,Gasoline,Automatic,Gray,Clean,USA,3600.0,26554,32900.0,Canyon Elevation
Jaguar,2013,Gasoline,Automatic,Black,Clean,UK,5000.0,89640,27200.0,Xk
Ford,2021,Diesel,Automatic,Black,Clean,USA,6700.0,67987,76598.0,F-250 Lariat
Toyota,2009,Gasoline,Automatic,Silver,Clean,Japan,2500.0,126333,12000.0,Rav4
Ford,2018,Gasoline,Automatic,Gray,Clean,USA,3500.0,78245,51499.0,Expedition Platinum
Jeep,2021,Hybrid,Automatic,Black,Clean,USA,2000.0,82245,42700.0,Wrangler Unlimited
Ford,2016,Flex Fuel,Automatic,Red,Clean,USA,3500.0,41650,25500.0,F-150 Xlt
Toyota,2018,Gasoline,Automatic,Red,Accident Reported,Japan,3500.0,40367,34955.0,Tacoma Sr5
Audi,2002,Gasoline,Manual,Gray,Accident Reported,Germany,1800.0,111527,9995.0,Tt Roadster
Toyota,2019,Hybrid,Automatic,Silver,Clean,Japan,3500.0,74030,40000.0,Highlander Hybrid
Jeep,2008,Gasoline,Automatic,Black,Accident Reported,USA,3700.0,227697,6500.0,Liberty
Toyota,2018,Gasoline,Automatic,White,Accident Reported,Japan,5700.0,102982,48000.0,Sequoia
Ford,2020,Gasoline,Automatic,White,Clean,USA,3500.0,31221,58000.0,Transit-350
Subaru,2013,Gasoline,Automatic,Silver,Accident Reported,Japan,2000.0,208986,13490.0,Brz
Volvo,2012,Gasoline,Automatic,Blue,Clean,Sweden,3200.0,164153,10800.0,Xc60 3.2
Subaru,2010,Gasoline,Manual,Gray,Clean,Japan,2500.0,14001,39900.0,Impreza Wrx
Chevrolet,2004,Gasoline,Automatic,Red,Clean,USA,3800.0,239470,6500.0,Monte Carlo
Cadillac,2012,Flex Fuel,Automatic,Black,Clean,USA,6200.0,257895,12900.0,Escalade Platinum
Chrysler,2004,Gasoline,Automatic,Gray,Clean,USA,3500.0,72420,6000.0,300M
Chevrolet,2006,Diesel,Automatic,White,Clean,USA,6600.0,271978,19500.0,Silverado 2500
Mercedes-Benz,2017,Gasoline,Automatic,Gray,Clean,Germany,4000.0,74030,56000.0,Amg C
Acura,2015,Gasoline,Automatic,White,Clean,Japan,3500.0,61155,21900.0,Tlx Tech
Chevrolet,2006,Gasoline,Manual,Orange,Clean,USA,7000.0,67592,42000.0,Corvette Z06
Lexus,2024,Hybrid,Automatic,Black,Clean,Japan,2500.0,483,50999.0,Nx 350H
Mercedes-Benz,2008,Gasoline,Automatic,Red,Clean,Germany,3500.0,194408,13900.0,Slk-Class Slk
Jeep,2020,Gasoline,Automatic,Other,Clean,USA,2000.0,122814,35234.0,Wrangler Unlimited
Chevrolet,2012,Flex Fuel,Automatic,Blue,Accident Reported,USA,5300.0,167371,16500.0,Silverado 1500
Lexus,2010,Gasoline,Automatic,Red,Accident Reported,Japan,4600.0,156262,22000.0,Gx 460
Jeep,2008,Gasoline,Automatic,Yellow,Clean,USA,3800.0,220047,15900.0,Wrangler Unlimited
RAM,2017,Gasoline,Automatic,Blue,Accident Reported,USA,5700.0,64695,24000.0,1500 Tradesman/Express
Ford,2021,Gasoline,Automatic,Black,Clean,USA,3000.0,62933,44605.0,Explorer St
BMW,2021,Gasoline,Automatic,Gray,Accident Reported,Germany,3000.0,20117,90000.0,M4 Competition
Chevrolet,2019,Gasoline,Automatic,White,Clean,USA,3600.0,62603,34700.0,Colorado Zr2
Lincoln,2016,Gasoline,Automatic,Black,Accident Reported,USA,3500.0,135622,25221.0,Navigator L
Mercedes-Benz,2016,Gasoline,Automatic,White,Clean,Germany,3500.0,93945,24999.0,E-Class E
Ford,2007,Gasoline,Manual,Red,Clean,USA,5400.0,11822,40999.0,Mustang Shelby
Dodge,2008,Gasoline,Automatic,Blue,Accident Reported,USA,6100.0,158087,15500.0,Charger Srt8
Jaguar,2007,Gasoline,Automatic,White,Clean,UK,4200.0,90123,18000.0,Xk
Honda,2020,Gasoline,Automatic,Gray,Clean,Japan,1500.0,22426,26000.0,Civic Ex
Subaru,2019,Gasoline,Automatic,Gray,Accident Reported,Japan,2000.0,48280,21250.0,Impreza 2.0I
Saab,2009,Gasoline,Automatic,Red,Clean,Sweden,2800.0,170590,12950.0,9-3 Aero
BMW,2014,Gasoline,Automatic,Black,Clean,Germany,4400.0,133540,18700.0,650 Gran
Jeep,2018,Gasoline,Automatic,Black,Clean,USA,3600.0,94146,35000.0,Wrangler Unlimited
Ford,2015,Diesel,Automatic,White,Clean,USA,6700.0,148737,51900.0,F-350 King
Mazda,2020,Gasoline,Automatic,White,Clean,Japan,2500.0,15976,27518.0,Cx-30 Preferred
Jeep,2000,Gasoline,Manual,Beige,Clean,USA,4000.0,197860,13900.0,Wrangler
Lexus,2006,Gasoline,Automatic,White,Clean,Japan,3300.0,177430,11000.0,Rx 330
Infiniti,2011,Gasoline,Automatic,Black,Clean,Japan,5600.0,165778,13500.0,Qx56
Hyundai,2017,Gasoline,Automatic,Other,Clean,South Korea,1600.0,89091,15599.0,Veloster Value
Chevrolet,2002,Gasoline,Automatic,Silver,Accident Reported,USA,5300.0,190707,5900.0,Silverado 1500
Land,2020,Hybrid,Automatic,Gray,Clean,UK,3000.0,66788,68000.0,Rover Range
BMW,2020,Gasoline,Automatic,White,Clean,Germany,3000.0,45062,59900.0,M4
Mercedes-Benz,2014,Gasoline,Automatic,Black,Clean,Germany,3500.0,86100,24500.0,E-Class E
Honda,2021,Hybrid,Automatic,Silver,Clean,Japan,2000.0,53950,28748.0,Accord Hybrid
Toyota,2016,Hybrid,Automatic,Gray,Accident Reported,Japan,1800.0,138886,18000.0,Prius V
Subaru,2022,Gasoline,Automatic,Orange,Accident Reported,Japan,2400.0,12453,33000.0,Wrx
Ford,2022,Gasoline,Automatic,Black,Clean,USA,3000.0,23112,51500.0,Explorer St
Chevrolet,2016,Flex Fuel,Automatic,Gray,Accident Reported,USA,5300.0,157715,30000.0,Suburban Lt
Chevrolet,2022,Gasoline,Automatic,White,Clean,USA,2700.0,49012,37698.0,Silverado 1500
Ford,2020,Gasoline,Automatic,Silver,Accident Reported,USA,3000.0,103886,36750.0,Explorer Platinum
Lexus,2017,Gasoline,Automatic,Beige,Accident Reported,Japan,3500.0,167156,24700.0,Rx 350
Land,2019,Gasoline,Automatic,Black,Accident Reported,UK,3000.0,57373,57999.0,Rover Range
Ford,2021,Gasoline,Automatic,Black,Clean,USA,3000.0,104538,39979.0,Explorer Platinum
Chevrolet,2012,Gasoline,Automatic,Black,Accident Reported,USA,3000.0,155548,7500.0,Equinox 2Lt
Dodge,2022,Gasoline,Automatic,Gray,Clean,USA,3600.0,47476,31000.0,Challenger Sxt
Volvo,2012,Gasoline,Automatic,Silver,Accident Reported,Sweden,3000.0,111044,15900.0,Xc70 T6
Lexus,2005,Gasoline,Automatic,Gray,Accident Reported,Japan,4700.0,318649,15500.0,Gx 470
Volvo,2008,Gasoline,Automatic,White,Clean,Sweden,3200.0,273588,7000.0,Xc70 3.2
Nissan,2008,Gasoline,Manual,Silver,Accident Reported,Japan,3500.0,123115,28000.0,350Z Nismo
Porsche,2007,Gasoline,Automatic,Black,Clean,Germany,3600.0,118286,75499.0,911 Turbo
Land,2020,Hybrid,Automatic,Black,Clean,UK,3000.0,46671,70000.0,Rover Range
Porsche,2017,Plug-In Hybrid,Automatic,Black,Accident Reported,Germany,3000.0,111695,29500.0,Cayenne E-Hybrid
Lexus,2007,Gasoline,Automatic,Red,Accident Reported,Japan,3500.0,165762,12900.0,Is 350
Porsche,2015,Gasoline,Automatic,Silver,Accident Reported,Germany,3000.0,113458,26500.0,Macan S
Land,2016,Gasoline,Automatic,White,Clean,UK,5000.0,102998,36995.0,Rover Range
GMC,2018,Flex Fuel,Automatic,White,Clean,USA,6000.0,102129,33000.0,Savana 2500
Toyota,2018,Gasoline,Automatic,Silver,Clean,Japan,4000.0,51819,35500.0,4Runner Sr5
Hyundai,2020,Gasoline,Automatic,White,Clean,South Korea,3800.0,111828,32000.0,Palisade
GMC,2015,Diesel,Automatic,Gray,Clean,USA,6600.0,138403,49000.0,Sierra 2500
Genesis,2022,Gasoline,Automatic,Other,Clean,South Korea,3500.0,14050,48219.0,Gv70 3.5T
Dodge,2002,Gasoline,Automatic,Red,Accident Reported,USA,3900.0,112654,8000.0,Ram Van
Chevrolet,2017,Gasoline,Automatic,White,Accident Reported,USA,3600.0,112654,17900.0,Impala 1Lt
Audi,2015,Flex Fuel,Automatic,Red,Accident Reported,Germany,2000.0,134251,16000.0,A4
Nissan,2003,Gasoline,Automatic,Silver,Accident Reported,Japan,2500.0,304165,2899.0,Altima 2.5
Porsche,2017,Gasoline,Automatic,Blue,Clean,Germany,3000.0,50694,97555.0,911 Carrera
BMW,2015,Gasoline,Automatic,Gray,Clean,Germany,2000.0,138027,13000.0,X1 Xdrive
GMC,2018,Gasoline,Automatic,White,Clean,USA,6200.0,149347,34000.0,Yukon Denali
Land,2021,Hybrid,Automatic,Gray,Clean,UK,3000.0,22482,75500.0,Rover Defender
Toyota,2000,Gasoline,Automatic,Black,Clean,Japan,4700.0,426475,15500.0,Land Cruiser
Scion,2011,Gasoline,Automatic,Green,Clean,Japan,2400.0,153573,8000.0,Xb
Honda,2001,Gasoline,Manual,Black,Accident Reported,Japan,2000.0,192960,18000.0,S2000
Mazda,2020,Gasoline,Automatic,Red,Clean,Japan,2500.0,37276,25495.0,Cx-30 Select
BMW,2023,Gasoline,Automatic,White,Clean,Germany,3000.0,6357,83500.0,M4 Competition
Porsche,2006,Gasoline,Manual,Black,Clean,Germany,3800.0,128747,43000.0,911 Carrera
Ford,2015,Flex Fuel,Automatic,White,Accident Reported,USA,6200.0,152298,32500.0,F-250 Lariat
Chevrolet,2007,Gasoline,Automatic,Silver,Accident Reported,USA,6000.0,104607,33885.0,Corvette
Lexus,2008,Gasoline,Automatic,Black,Accident Reported,Japan,4600.0,160934,11500.0,Ls 460
Toyota,2023,Hybrid,Automatic,White,Clean,Japan,2500.0,805,59500.0,Sienna Xse
Audi,2011,Gasoline,Automatic,White,Clean,Germany,2000.0,291291,5500.0,A4 Quattro
Mercedes-Benz,2018,Gasoline,Automatic,Blue,Clean,Germany,2000.0,78375,27900.0,Glc 300
Toyota,2017,Gasoline,Automatic,Silver,Clean,Japan,2000.0,140817,20000.0,86 860
Jaguar,2000,Gasoline,Automatic,Silver,Clean,UK,4000.0,72420,12500.0,Xj8 L
Chevrolet,1996,Gasoline,Automatic,Silver,Clean,USA,5700.0,138017,14500.0,Corvette
Hyundai,2022,Gasoline,Automatic,Other,Clean,South Korea,2500.0,21993,27999.0,Tucson
Porsche,2007,Gasoline,Manual,Silver,Clean,Germany,3800.0,81272,56000.0,911 Carrera
Lincoln,2021,Gasoline,Automatic,Black,Clean,USA,2000.0,31046,44340.0,Nautilus Reserve
Ford,2012,Gasoline,Manual,Silver,Clean,USA,5000.0,2084,49990.0,Mustang Boss
Cadillac,2017,Gasoline,Automatic,White,Accident Reported,USA,6200.0,88514,49900.0,Escalade Luxury
MINI,2010,Gasoline,Manual,Yellow,Clean,UK,1600.0,119091,9650.0,Cooper
Dodge,2022,Gasoline,Automatic,White,Clean,USA,5700.0,24101,49999.0,Durango R/T
BMW,2018,Gasoline,Automatic,Blue,Accident Reported,Germany,3000.0,40794,33889.0,X5 Xdrive35I
Chevrolet,2010,Gasoline,Manual,White,Clean,USA,6200.0,37229,35000.0,Corvette
Jaguar,2018,Diesel,Automatic,Blue,Clean,UK,2000.0,55236,29998.0,Xe 20D
Dodge,2021,Gasoline,Automatic,White,Accident Reported,USA,5700.0,64309,28500.0,Challenger R/T
BMW,2016,Gasoline,Automatic,Black,Accident Reported,Germany,4400.0,122954,31300.0,550 I
Ford,2022,Gasoline,Automatic,White,Clean,USA,2300.0,29826,38978.0,Explorer Xlt
GMC,2023,Gasoline,Automatic,Gray,Clean,USA,6200.0,12070,92888.0,Yukon Xl
Infiniti,2022,Gasoline,Automatic,Blue,Accident Reported,Japan,5600.0,42680,64000.0,Qx80 Sensory
Land,2014,Flex Fuel,Automatic,Red,Clean,UK,3000.0,95756,33800.0,Rover Range
Honda,2020,Gasoline,Automatic,White,Clean,Japan,3500.0,70811,34999.0,Pilot Ex-L
Pontiac,2001,Gasoline,Automatic,White,Clean,USA,3800.0,178637,11000.0,Firebird
Toyota,2016,Gasoline,Automatic,Other,Clean,Japan,4000.0,132384,31906.0,4Runner
Porsche,2006,Gasoline,Automatic,Gray,Accident Reported,Germany,3600.0,84883,37500.0,911 Carrera
BMW,2019,Plug-In Hybrid,Automatic,Gray,Accident Reported,Germany,1500.0,45383,79950.0,I8
Nissan,2000,Gasoline,Automatic,Blue,Accident Reported,Japan,3000.0,312658,2300.0,Maxima Gle
Pontiac,2001,Gasoline,Automatic,Green,Clean,USA,5700.0,147757,12850.0,Firebird Trans
Chevrolet,2018,Gasoline,Automatic,Other,Clean,USA,5300.0,135545,43775.0,Suburban Premier
BMW,2018,Gasoline,Automatic,Gray,Accident Reported,Germany,2000.0,107327,24900.0,X2 Xdrive28I
Mercedes-Benz,2018,Gasoline,Automatic,White,Accident Reported,Germany,3000.0,66788,39848.0,Amg C
BMW,2014,Gasoline,Automatic,Black,Accident Reported,Germany,4400.0,136947,24900.0,750 I
Volvo,2015,Gasoline,Automatic,Silver,Accident Reported,Sweden,2500.0,62764,17900.0,S60 T5
Ford,2019,Diesel,Automatic,Black,Clean,USA,6700.0,180246,61995.0,F-350 Platinum
Audi,2016,Gasoline,Automatic,Black,Accident Reported,Germany,2000.0,145420,15499.0,A3
Ford,2020,Gasoline,Automatic,Gray,Clean,USA,2300.0,132201,30825.0,Explorer
Ford,2020,Gasoline,Automatic,Blue,Accident Reported,USA,5000.0,27117,41000.0,Mustang Gt
Honda,2003,Gasoline,Manual,Silver,Clean,Japan,2000.0,162543,28000.0,S2000
BMW,2015,Gasoline,Manual,Red,Clean,Germany,3000.0,110642,25999.0,M235 I
Dodge,2004,Gasoline,Automatic,Beige,Clean,USA,5700.0,230136,3200.0,Durango Slt
Nissan,2005,Gasoline,Automatic,Green,Accident Reported,Japan,5600.0,245054,6900.0,Armada
Kia,2021,Gasoline,Automatic,White,Clean,South Korea,2500.0,31551,33591.0,Sorento S
Chevrolet,2020,Gasoline,Automatic,Gray,Clean,USA,5300.0,30899,69999.0,Silverado 1500
Chevrolet,2004,Gasoline,Automatic,Beige,Clean,USA,3400.0,103802,5900.0,Impala
Toyota,2011,Gasoline,Automatic,Black,Clean,Japan,4000.0,239792,18995.0,Tacoma Prerunner
Pontiac,1997,Gasoline,Automatic,Red,Accident Reported,USA,5700.0,215705,7200.0,Firebird Trans
Kia,2019,Gasoline,Automatic,White,Clean,South Korea,3300.0,59909,34998.0,Stinger Gt1
Ford,2017,Gasoline,Automatic,Beige,Clean,USA,1500.0,115750,13700.0,Escape
Jeep,2014,Gasoline,Automatic,Orange,Accident Reported,USA,3600.0,196661,21500.0,Wrangler Unlimited
Land,2020,Hybrid,Automatic,Silver,Clean,UK,3000.0,59945,54500.0,Rover Range
Chevrolet,1999,Gasoline,Automatic,White,Clean,USA,4800.0,142829,6800.0,Silverado 1500
Ford,2014,Hybrid,Automatic,White,Clean,USA,2000.0,180536,12599.0,Fusion Hybrid
RAM,2015,Diesel,Automatic,White,Accident Reported,USA,6700.0,240001,35000.0,2500 Slt
Toyota,2018,Gasoline,Automatic,White,Clean,Japan,3500.0,119091,27950.0,Highlander
Ford,2019,Gasoline,Automatic,Red,Clean,USA,2700.0,71551,34500.0,F-150 Xlt
GMC,2015,Gasoline,Automatic,Blue,Clean,USA,3600.0,154497,17000.0,Acadia Sle-2
Dodge,2014,Gasoline,Automatic,Black,Clean,USA,5700.0,152887,17900.0,Charger R/T
Land,2016,Gasoline,Automatic,Brown,Clean,UK,3000.0,80144,37500.0,Rover Range
Ford,2006,Gasoline,Manual,Silver,Clean,USA,4600.0,44107,21750.0,Mustang Gt
Jaguar,1997,Gasoline,Automatic,White,Clean,UK,4000.0,80467,6000.0,Xk8
Mercedes-Benz,2021,Gasoline,Automatic,Other,Clean,Germany,2000.0,23730,38998.0,Glc 300
Chevrolet,2021,Gasoline,Automatic,Blue,Clean,USA,6200.0,4345,85950.0,Corvette Stingray
Buick,2012,Gasoline,Automatic,Beige,Accident Reported,USA,2000.0,305775,6000.0,Regal Turbo
Audi,2014,Flex Fuel,Automatic,Gray,Clean,Germany,2000.0,145220,9999.0,A4
Jeep,2020,Gasoline,Automatic,Silver,Clean,USA,3600.0,6437,50000.0,Gladiator Overland
GMC,2017,Gasoline,Automatic,Gray,Accident Reported,USA,6200.0,199558,32000.0,Yukon Xl
Ford,2019,Gasoline,Automatic,Red,Clean,USA,2300.0,72683,35690.0,Ranger Lariat
Volkswagen,2020,Gasoline,Automatic,Black,Clean,Germany,2000.0,79501,20900.0,Passat
Chevrolet,2021,Gasoline,Automatic,White,Clean,USA,6200.0,22048,75000.0,Corvette Stingray
Land,2011,Gasoline,Automatic,Black,Clean,UK,3200.0,281116,9500.0,Rover Range
Lexus,2022,Hybrid,Automatic,White,Clean,Japan,3500.0,2575,59000.0,Rx 450H
Ford,2020,Gasoline,Automatic,Red,Clean,USA,3500.0,112411,48149.0,Expedition Platinum
Toyota,2008,Gasoline,Automatic,White,Accident Reported,Japan,4000.0,257494,17000.0,Tacoma Prerunner
Ford,2007,Gasoline,Automatic,Red,Accident Reported,USA,4600.0,366930,3850.0,Explorer Trac
Mercedes-Benz,2015,Gasoline,Automatic,Black,Clean,Germany,2000.0,164153,17000.0,C-Class C
Cadillac,2016,Gasoline,Automatic,White,Accident Reported,USA,3600.0,77248,24995.0,Srx Standard
Chrysler,2012,Flex Fuel,Automatic,Gray,Clean,USA,3600.0,263127,5949.0,Town &
Ford,2018,Diesel,Automatic,Gray,Clean,USA,6700.0,106669,63500.0,F-350 Lariat
Ford,2014,Gasoline,Automatic,Gray,Clean,USA,3500.0,43935,21500.0,F-150 Xl
Mazda,2020,Gasoline,Automatic,White,Accident Reported,Japan,2500.0,31091,24899.0,Cx-30
Mercedes-Benz,2016,Gasoline,Automatic,White,Accident Reported,Germany,5500.0,53005,90000.0,Amg G
BMW,2017,Gasoline,Automatic,White,Clean,Germany,3000.0,49004,52999.0,M4
Jeep,2017,Gasoline,Automatic,Red,Clean,USA,3600.0,61477,29500.0,Wrangler
Jeep,2020,Gasoline,Automatic,Black,Clean,USA,2000.0,42350,31871.0,Wrangler
Chevrolet,2003,Gasoline,Automatic,Green,Clean,USA,4800.0,177027,8900.0,Silverado 1500
MINI,2014,Gasoline,Automatic,Silver,Clean,UK,2000.0,31704,13500.0,Hardtop Cooper
Honda,2008,Gasoline,Automatic,Black,Accident Reported,Japan,2400.0,308993,11000.0,Element Ex
Subaru,2008,Gasoline,Automatic,Silver,Clean,Japan,2500.0,158219,7495.0,Impreza Outback
Cadillac,2021,Gasoline,Automatic,Silver,Clean,USA,3600.0,107021,28500.0,Xt5 Luxury
Nissan,2022,Gasoline,Automatic,Other,Clean,Japan,1600.0,31989,18999.0,Kicks S
Kia,2021,Gasoline,Automatic,Blue,Clean,South Korea,2000.0,25910,25500.0,Seltos S
GMC,2016,Gasoline,Automatic,Blue,Accident Reported,USA,5300.0,134956,27633.0,Yukon Sle
Mercedes-Benz,2020,Gasoline,Automatic,Black,Clean,Germany,2000.0,38798,56000.0,Gle 350
Ford,2020,Gasoline,Automatic,Gray,Accident Reported,USA,2300.0,68572,32107.0,Explorer Xlt
Subaru,2017,Gasoline,Automatic,White,Accident Reported,Japan,2000.0,257494,7750.0,Impreza 2.0I
Infiniti,2017,Gasoline,Automatic,Black,Accident Reported,Japan,5600.0,195575,28500.0,Qx80
Kia,2023,Gasoline,Automatic,Gray,Clean,South Korea,3800.0,10337,42500.0,Telluride S
Pontiac,2007,Gasoline,Automatic,Gray,Clean,USA,2400.0,100278,12900.0,Solstice
Mazda,2021,Gasoline,Automatic,Gray,Clean,Japan,2500.0,34511,29995.0,Mazda6 Carbon
Ford,2015,Gasoline,Automatic,White,Accident Reported,USA,3500.0,180246,29500.0,Transit-350
Hyundai,2013,Gasoline,Automatic,White,Clean,South Korea,3800.0,96560,16500.0,Genesis Coupe
Dodge,2013,Gasoline,Automatic,Silver,Clean,USA,1400.0,246631,4399.0,Dart
Jeep,2019,Gasoline,Automatic,Gray,Clean,USA,3600.0,91732,39900.0,Wrangler Unlimited
Chevrolet,2011,Flex Fuel,Automatic,Red,Accident Reported,USA,5300.0,225953,16000.0,Tahoe Ltz
Ford,2023,Gasoline,Automatic,Gray,Clean,USA,3500.0,8851,70000.0,F-150 Tremor
Chevrolet,2022,Gasoline,Automatic,Gray,Clean,USA,6200.0,3235,89000.0,Corvette Stingray
Audi,2013,Gasoline,Automatic,Gray,Accident Reported,Germany,2000.0,155784,11000.0,A4
Cadillac,2014,Gasoline,Automatic,Red,Clean,USA,3600.0,56308,21500.0,Cts Performance
Nissan,2012,Gasoline,Automatic,Black,Accident Reported,Japan,4000.0,105814,15995.0,Frontier Sv
Chevrolet,2019,Gasoline,Automatic,Red,Clean,USA,6200.0,91176,43860.0,Silverado 1500
Lincoln,2016,Gasoline,Automatic,Black,Clean,USA,3700.0,225629,10500.0,Mkt
Chevrolet,2016,Gasoline,Automatic,Other,Accident Reported,USA,1400.0,197902,12999.0,Cruze Lt
Nissan,2008,Gasoline,Automatic,Gray,Clean,Japan,4000.0,365336,3850.0,Xterra S
Ford,2004,Gasoline,Automatic,Red,Accident Reported,USA,5400.0,436131,9500.0,F-150 Lariat
Dodge,2001,Diesel,Automatic,Silver,Clean,USA,5900.0,275324,27500.0,Ram 2500
Chevrolet,2021,Gasoline,Automatic,Gray,Clean,USA,3600.0,40097,44791.0,Colorado Zr2
Nissan,2022,Gasoline,Automatic,Other,Clean,Japan,1600.0,25069,19599.0,Kicks S
Audi,2014,Gasoline,Automatic,Gray,Clean,Germany,3000.0,164748,21373.0,S4 3.0T
Mercedes-Benz,2012,Gasoline,Automatic,White,Clean,Germany,1800.0,196339,15000.0,C-Class C
FIAT,2016,Gasoline,Automatic,Yellow,Clean,Italy,2400.0,78053,15999.0,500X Trekking
Ford,2018,Gasoline,Automatic,Brown,Accident Reported,USA,2700.0,86100,31500.0,F-150 Xlt
Ford,2004,Diesel,Automatic,White,Clean,USA,6000.0,506942,9200.0,F-250 Xl
Ford,2006,Gasoline,Automatic,White,Accident Reported,USA,6800.0,254276,8500.0,E350 Super
Kia,2019,Gasoline,Automatic,Black,Accident Reported,South Korea,3300.0,70570,30000.0,Sorento Sxl
Mercedes-Benz,2015,Gasoline,Automatic,White,Clean,Germany,2000.0,118286,19000.0,C-Class C
Nissan,2014,Gasoline,Automatic,Black,Accident Reported,Japan,2500.0,246792,9000.0,Altima 2.5
Volkswagen,2019,Gasoline,Automatic,White,Clean,Germany,2000.0,119091,25500.0,Tiguan R-Line
BMW,2013,Gasoline,Automatic,White,Clean,Germany,2000.0,83686,17500.0,328 I
Nissan,2017,Gasoline,Automatic,Silver,Accident Reported,Japan,3500.0,233354,8500.0,Pathfinder S
Subaru,2020,Gasoline,Automatic,Blue,Clean,Japan,2400.0,65936,32500.0,Ascent Touring
Ford,2010,Flex Fuel,Automatic,Silver,Accident Reported,USA,5400.0,399116,14000.0,E350 Super
BMW,2018,Gasoline,Automatic,White,Clean,Germany,3000.0,61155,60500.0,M3 Cs
Acura,2016,Gasoline,Automatic,Gray,Clean,Japan,3500.0,205996,19500.0,Tlx Advance
Chevrolet,2022,Gasoline,Automatic,Other,Clean,USA,6200.0,11998,68990.0,Silverado 1500
Jeep,1999,Gasoline,Manual,Red,Clean,USA,2500.0,221751,12000.0,Wrangler
Ford,2016,Gasoline,Automatic,White,Clean,USA,2700.0,148059,19995.0,Edge
Porsche,2001,Gasoline,Manual,Black,Clean,Germany,3400.0,34520,36000.0,911 Carrera
Nissan,2021,Gasoline,Automatic,Black,Accident Reported,Japan,3500.0,70610,29725.0,Murano Sl
Pontiac,2009,Gasoline,Automatic,Black,Clean,USA,6000.0,130883,17500.0,G8 Gt
Mercedes-Benz,2021,Gasoline,Automatic,White,Clean,Germany,2000.0,117218,41000.0,E-Class E
Jeep,2007,Flex Fuel,Automatic,Blue,Accident Reported,USA,4700.0,260552,4800.0,Commander
Audi,2022,Hybrid,Automatic,White,Clean,Germany,2000.0,39429,47000.0,A5 45
BMW,2018,Gasoline,Automatic,Gray,Clean,Germany,4400.0,24129,44900.0,M550 I
Volkswagen,2019,Gasoline,Automatic,Orange,Accident Reported,Germany,1400.0,154497,14980.0,Jetta 1.4T
Cadillac,2019,Gasoline,Automatic,White,Accident Reported,USA,2000.0,57238,26000.0,Cts 2.0L
Lexus,2008,Gasoline,Automatic,Black,Accident Reported,Japan,5000.0,181855,34000.0,Is-F
Ford,2022,Gasoline,Automatic,Red,Clean,USA,2300.0,33278,46000.0,Explorer Xlt
Buick,2012,Hybrid,Automatic,Gold,Clean,USA,2400.0,30705,15995.0,Lacrosse Leather
Mazda,2008,Gasoline,Automatic,Blue,Accident Reported,Japan,1300.0,250252,6800.0,Rx-8
Ford,2019,Gasoline,Automatic,White,Clean,USA,5000.0,57132,32300.0,Mustang Gt
Mazda,2021,Gasoline,Automatic,White,Accident Reported,Japan,2500.0,84093,25215.0,Mazda6 Touring
Ford,2004,Gasoline,Automatic,White,Accident Reported,USA,3000.0,177027,8500.0,Ranger Edge
Volkswagen,2016,Gasoline,Automatic,Gray,Clean,Germany,2000.0,95353,18999.0,Golf Gti
Hummer,2008,Gasoline,Automatic,Green,Accident Reported,USA,6200.0,249448,37000.0,H2
BMW,2017,Gasoline,Automatic,Black,Clean,Germany,3000.0,63167,28900.0,X5 Sdrive35I
BMW,2020,Gasoline,Automatic,Black,Clean,Germany,2000.0,38056,37998.0,X3 Xdrive30I
Hyundai,2014,Gasoline,Automatic,Silver,Clean,South Korea,1600.0,205901,7500.0,Accent Gls
RAM,2014,Gasoline,Automatic,Black,Clean,USA,5700.0,199558,24850.0,1500 Big
Ford,2023,Gasoline,Manual,Red,Clean,USA,2300.0,2414,60000.0,Bronco Heritage
MINI,2014,Gasoline,Automatic,White,Clean,UK,1600.0,113780,15750.0,Countryman Cooper
Cadillac,2013,Flex Fuel,Automatic,Beige,Accident Reported,USA,6200.0,182491,18800.0,Escalade
Mercedes-Benz,2022,Gasoline,Automatic,Black,Clean,Germany,2000.0,30280,61998.0,Gle 350
Toyota,2014,Gasoline,Automatic,Gray,Clean,Japan,4000.0,104607,27999.0,4Runner
Audi,2019,Hybrid,Automatic,Black,Clean,Germany,3000.0,37578,48000.0,A8 L
Lexus,2019,Gasoline,Automatic,Black,Accident Reported,Japan,3500.0,62764,34000.0,Es 350
Toyota,2019,Gasoline,Automatic,White,Accident Reported,Japan,4000.0,78603,39857.0,4Runner Nightshade
FIAT,2015,Gasoline,Automatic,Black,Accident Reported,Italy,1400.0,76926,11500.0,500
Ford,2022,Hybrid,Automatic,Blue,Clean,USA,2500.0,83686,28000.0,Maverick Xlt
Ford,2006,Gasoline,Automatic,Silver,Clean,USA,4600.0,25749,22000.0,Mustang Gt
Jeep,2023,Gasoline,Automatic,White,Clean,USA,2000.0,11430,40995.0,Wrangler
Jeep,2015,Flex Fuel,Automatic,White,Clean,USA,3600.0,252666,17000.0,Grand Cherokee
Jeep,2010,Gasoline,Automatic,Black,Accident Reported,USA,2400.0,289198,4500.0,Compass
Lexus,2006,Gasoline,Automatic,Silver,Clean,Japan,4300.0,273588,7500.0,Ls 430
BMW,2011,Gasoline,Automatic,White,Accident Reported,Germany,4400.0,177027,12000.0,X5 Xdrive50I
Porsche,2016,Gasoline,Automatic,Gray,Clean,Germany,3400.0,36210,78000.0,911 Carrera
Ford,2013,Gasoline,Manual,Yellow,Clean,USA,2000.0,33474,19795.0,Focus St
Lexus,2018,Hybrid,Automatic,White,Accident Reported,Japan,2500.0,162331,23400.0,Es 300H
Volkswagen,2012,Gasoline,Manual,White,Accident Reported,Germany,2000.0,212410,9000.0,Cc
Volkswagen,2016,Gasoline,Manual,White,Clean,Germany,1800.0,205625,13800.0,Golf Sportwagen
Porsche,2013,Gasoline,Automatic,Blue,Clean,Germany,3800.0,91708,65900.0,911 Carrera
Toyota,2014,Plug-In Hybrid,Automatic,Green,Accident Reported,Japan,1800.0,170590,11800.0,Prius Plug-In
Ford,2019,Diesel,Automatic,Black,Accident Reported,USA,6700.0,149139,50000.0,F-250 Xlt
Mercedes-Benz,2019,Gasoline,Automatic,Black,Clean,Germany,4000.0,79662,55900.0,S-Class S
Ford,2011,Gasoline,Manual,Black,Clean,USA,5000.0,214853,23500.0,Mustang Gt
Cadillac,2019,Gasoline,Automatic,Other,Clean,USA,2000.0,32663,30599.0,Cts 2.0L
Volkswagen,2019,Gasoline,Automatic,Other,Clean,Germany,1400.0,88890,19290.0,Jetta 1.4T
Jeep,2005,Gasoline,Manual,Orange,Clean,USA,4000.0,261489,11000.0,Wrangler X
Lincoln,2002,Gasoline,Automatic,Silver,Accident Reported,USA,3900.0,67592,11000.0,Ls
Mercedes-Benz,2006,Gasoline,Automatic,Black,Accident Reported,Germany,5400.0,158198,15900.0,C-Class C55
BMW,2013,Gasoline,Automatic,Red,Clean,Germany,3000.0,133332,19999.0,335 I
Porsche,2009,Gasoline,Manual,Black,Clean,Germany,3800.0,41038,79995.0,911 Carrera
Kia,2020,Gasoline,Automatic,Silver,Accident Reported,South Korea,2000.0,86022,16995.0,Forte Lxs
Chevrolet,2004,Gasoline,Automatic,Red,Clean,USA,5700.0,64391,23500.0,Corvette
Hyundai,2018,Gasoline,Automatic,Silver,Accident Reported,South Korea,2000.0,73708,20900.0,Santa Fe
RAM,2022,Gasoline,Automatic,Red,Clean,USA,5700.0,25333,45999.0,1500 Laramie
Kia,2023,Gasoline,Automatic,White,Clean,South Korea,2500.0,17864,40200.0,Sorento Sx
Ford,2020,Flex Fuel,Automatic,White,Clean,USA,6200.0,57936,44000.0,F-250 Xl
BMW,2013,Gasoline,Automatic,White,Accident Reported,Germany,3000.0,112251,15999.0,X5 Xdrive35I
Mercedes-Benz,2021,Gasoline,Automatic,Black,Clean,Germany,2000.0,30838,38500.0,C-Class C
Audi,2023,Hybrid,Automatic,Gray,Clean,Germany,2000.0,9730,51598.0,Q5 S
Ford,2020,Gasoline,Automatic,Blue,Accident Reported,USA,2300.0,27359,21000.0,Explorer Xlt
Audi,2019,Hybrid,Automatic,Black,Clean,Germany,3000.0,17432,42500.0,A6 55
Toyota,2004,Gasoline,Automatic,Silver,Accident Reported,Japan,1800.0,279143,4000.0,Matrix Xr
Kia,2017,Gasoline,Automatic,Other,Accident Reported,South Korea,2000.0,166306,17238.0,Optima Sx
Ford,2022,Gasoline,Automatic,Black,Clean,USA,3500.0,45062,53500.0,F-150 Lariat
Audi,2019,Hybrid,Automatic,White,Clean,Germany,3000.0,83660,44870.0,Q8 3.0T
Chevrolet,2020,Gasoline,Automatic,Orange,Accident Reported,USA,6200.0,14442,79900.0,Corvette Stingray
Scion,2014,Gasoline,Manual,White,Clean,Japan,2500.0,160932,10998.0,Tc Anniversary
Mercedes-Benz,2017,Gasoline,Automatic,Black,Accident Reported,Germany,2000.0,95595,21000.0,C-Class C
Nissan,2020,Gasoline,Automatic,Silver,Clean,Japan,3500.0,75876,23625.0,Murano Sv
Ford,2018,Gasoline,Manual,Black,Accident Reported,USA,5000.0,86554,29950.0,Mustang Gt
Ford,2011,Gasoline,Automatic,Black,Clean,USA,3500.0,257494,4700.0,Taurus Sho
Chevrolet,2015,Gasoline,Automatic,White,Accident Reported,USA,5300.0,805,37000.0,Tahoe Ltz
Dodge,2018,Flex Fuel,Automatic,White,Clean,USA,3600.0,102998,35000.0,Grand Caravan
Hyundai,2021,Hybrid,Automatic,Gray,Clean,South Korea,1600.0,46027,23999.0,Elantra Hev
GMC,2019,Gasoline,Automatic,Red,Accident Reported,USA,3600.0,42388,36750.0,Canyon Denali
Subaru,2008,Gasoline,Manual,Black,Accident Reported,Japan,2500.0,239373,14500.0,Impreza Wrx
GMC,2021,Diesel,Automatic,Black,Accident Reported,USA,6600.0,27228,73000.0,Sierra 2500
Chevrolet,2005,Gasoline,Automatic,Silver,Accident Reported,USA,4800.0,273588,9000.0,Tahoe Ls
Mercedes-Benz,2013,Gasoline,Automatic,Gray,Accident Reported,Germany,4600.0,209214,26900.0,Sl-Class Sl
Ford,2022,Plug-In Hybrid,Automatic,White,Clean,USA,2500.0,3040,32850.0,Escape Phev
Dodge,2018,Gasoline,Automatic,White,Clean,USA,3600.0,100096,26691.0,Charger Gt
Ford,2016,Flex Fuel,Automatic,Black,Accident Reported,USA,5000.0,114263,24350.0,F-150 Xlt
Lexus,2016,Gasoline,Automatic,Blue,Accident Reported,Japan,2000.0,134219,22495.0,Nx 200T
Cadillac,2019,Gasoline,Automatic,Black,Clean,USA,3600.0,119757,26000.0,Xt5
Ford,2010,Gasoline,Manual,Black,Clean,USA,5400.0,47984,38000.0,Mustang Shelby
Ford,2015,Diesel,Automatic,Gray,Clean,USA,6700.0,110641,45000.0,F-250 Lariat
BMW,2005,Gasoline,Automatic,Black,Clean,Germany,2500.0,306410,5000.0,325 I
Toyota,2007,Gasoline,Automatic,White,Accident Reported,Japan,2400.0,158565,7450.0,Camry
BMW,2011,Gasoline,Automatic,Blue,Accident Reported,Germany,3000.0,147255,13599.0,335 I
Chevrolet,2017,Gasoline,Manual,Blue,Clean,USA,6200.0,81835,37000.0,Camaro 1Ss
Mazda,1999,Gasoline,Automatic,Green,Accident Reported,Japan,1800.0,209214,9000.0,Mx-5 Miata
Toyota,2005,Gasoline,Automatic,Gray,Accident Reported,Japan,4700.0,320902,8500.0,Tundra Sr5
RAM,2013,Gasoline,Automatic,White,Accident Reported,USA,5700.0,135539,26500.0,2500 Powerwagon
Mercedes-Benz,2016,Gasoline,Automatic,White,Clean,Germany,4700.0,108276,41999.0,S-Class S
Volkswagen,2021,Gasoline,Automatic,Other,Clean,Germany,2000.0,26615,25998.0,Passat R-Line
Toyota,2018,Gasoline,Automatic,Gray,Clean,Japan,5700.0,106216,51000.0,Tundra Platinum
Cadillac,2018,Gasoline,Automatic,White,Clean,USA,6200.0,86019,49999.0,Escalade Luxury
Volkswagen,2018,Gasoline,Automatic,White,Clean,Germany,1800.0,101834,20900.0,Golf Alltrack
Nissan,2020,Gasoline,Automatic,Silver,Clean,Japan,2500.0,49729,21000.0,Altima 2.5
Mercedes-Benz,2019,Gasoline,Automatic,White,Clean,Germany,2000.0,97935,25498.0,Gla 250
Ford,2015,Gasoline,Automatic,White,Clean,USA,3500.0,136794,31000.0,F-150 Platinum
Toyota,2016,Gasoline,Automatic,Gray,Clean,Japan,2500.0,174018,18500.0,Rav4
Toyota,2023,Gasoline,Automatic,Green,Clean,Japan,4000.0,18346,46000.0,4Runner Trd
Mercedes-Benz,2013,Gasoline,Automatic,Black,Clean,Germany,4600.0,101871,22800.0,Gl-Class Gl
BMW,2012,Gasoline,Automatic,Black,Accident Reported,Germany,3000.0,197305,12900.0,X5 Xdrive
Dodge,2006,Gasoline,Automatic,Blue,Accident Reported,USA,3500.0,234264,4500.0,Charger
Ford,2016,Gasoline,Automatic,White,Clean,USA,3500.0,107021,27000.0,Transit-250
BMW,2017,Gasoline,Automatic,Blue,Clean,Germany,2000.0,120700,20000.0,330 I
BMW,2013,Gasoline,Automatic,Silver,Accident Reported,Germany,4400.0,107826,24500.0,X5 M
Audi,2019,Gasoline,Automatic,Black,Clean,Germany,2000.0,39429,31000.0,Q5
Audi,2013,Gasoline,Automatic,Black,Clean,Germany,3000.0,60350,26000.0,S5 3.0T
Nissan,2013,Gasoline,Automatic,White,Clean,Japan,3800.0,162543,59000.0,Gt-R
Toyota,2000,Gasoline,Automatic,Black,Accident Reported,Japan,3000.0,394288,2500.0,Camry Solara
Buick,2016,Gasoline,Automatic,White,Accident Reported,USA,1600.0,167072,14995.0,Cascada
Toyota,2021,Gasoline,Automatic,White,Clean,Japan,4000.0,43452,48500.0,4Runner Venture
BMW,2021,Gasoline,Automatic,Other,Clean,Germany,2000.0,98076,32085.0,530 I
BMW,2011,Gasoline,Automatic,Gray,Accident Reported,Germany,3000.0,162189,12000.0,535 I
Lexus,2012,Gasoline,Automatic,Black,Accident Reported,Japan,4600.0,268760,19470.0,Gx 460
Chevrolet,2008,Gasoline,Automatic,Red,Accident Reported,USA,6000.0,259104,17000.0,Trailblazer Ss
Subaru,2005,Gasoline,Manual,Blue,Clean,Japan,2000.0,145162,12499.0,Impreza Wrx
Volkswagen,2012,Gasoline,Automatic,White,Accident Reported,Germany,2500.0,257285,9750.0,Passat 2.5
Audi,2022,Hybrid,Automatic,Silver,Clean,Germany,2000.0,23416,41500.0,Q5 40
Infiniti,2018,Gasoline,Automatic,Red,Clean,Japan,3000.0,61155,32000.0,Q60 3.0T
Chevrolet,2002,Gasoline,Manual,Silver,Accident Reported,USA,5700.0,57156,21000.0,Camaro Z28
Mercedes-Benz,2008,Gasoline,Automatic,White,Clean,Germany,5500.0,53591,34500.0,Sl-Class Sl550
Mercedes-Benz,2016,Gasoline,Automatic,White,Accident Reported,Germany,2000.0,145145,17995.0,C-Class C
Mercedes-Benz,2001,Gasoline,Manual,Blue,Clean,Germany,3200.0,95756,6500.0,Slk-Class Slk320
Ford,2017,Gasoline,Automatic,Silver,Clean,USA,3500.0,215652,26500.0,Transit-350 Xl
Buick,2014,Gasoline,Automatic,Black,Clean,USA,3600.0,138855,18900.0,Enclave
Porsche,2020,Gasoline,Automatic,Black,Clean,Germany,3000.0,55651,56000.0,Cayenne
Hyundai,2007,Gasoline,Automatic,Blue,Accident Reported,South Korea,3300.0,233354,4200.0,Santa Fe
Mazda,2021,Gasoline,Automatic,Red,Clean,Japan,2500.0,18889,33687.0,Mazda6 Signature
Jeep,2016,Gasoline,Manual,Beige,Clean,USA,3600.0,108629,27500.0,Wrangler Unlimited
Toyota,2004,Gasoline,Automatic,Gray,Clean,Japan,4000.0,354779,8550.0,4Runner
Chevrolet,2018,Gasoline,Automatic,Silver,Accident Reported,USA,5300.0,32509,42950.0,Silverado 1500
Jaguar,2000,Gasoline,Automatic,Blue,Clean,UK,4000.0,64374,15400.0,Xk8
Mercedes-Benz,2015,Gasoline,Automatic,Black,Accident Reported,Germany,2000.0,129230,22000.0,Gla-Class Gla
BMW,2017,Gasoline,Automatic,White,Clean,Germany,2000.0,101630,21500.0,330 I
Volkswagen,2018,Gasoline,Automatic,Silver,Clean,Germany,3600.0,77586,24999.0,Atlas 3.6L
Nissan,2012,Gasoline,Automatic,Black,Clean,Japan,1600.0,185652,9950.0,Juke Sl
Subaru,2018,Gasoline,Automatic,White,Clean,Japan,2000.0,145808,26000.0,Impreza 2.0I
BMW,2000,Gasoline,Manual,Blue,Clean,Germany,5000.0,212755,26900.0,M5
Mercedes-Benz,2023,Diesel,Automatic,White,Clean,Germany,2000.0,6437,65000.0,Sprinter 2500
Volkswagen,2019,Gasoline,Automatic,Gray,Clean,Germany,2000.0,51499,32750.0,Beetle Final
MINI,2016,Gasoline,Automatic,Blue,Clean,UK,1600.0,153000,12750.0,Countryman Cooper
Nissan,2017,Gasoline,Automatic,White,Clean,Japan,2500.0,238182,13000.0,Rogue Sl
Lexus,2014,Hybrid,Automatic,Black,Accident Reported,Japan,1800.0,202003,16000.0,Ct 200H
Infiniti,2013,Gasoline,Automatic,Silver,Clean,Japan,3700.0,144841,14500.0,G37 X
Audi,2018,Gasoline,Automatic,Black,Accident Reported,Germany,2000.0,79904,23750.0,A6
Nissan,2015,Gasoline,Automatic,Black,Accident Reported,Japan,2500.0,241079,11600.0,Altima 2.5
Chevrolet,2019,Gasoline,Automatic,Other,Clean,USA,2500.0,59805,26990.0,Blazer 1Lt
Ford,2016,Flex Fuel,Automatic,White,Clean,USA,2500.0,179763,15500.0,Transit Connect
Mercedes-Benz,2016,Gasoline,Automatic,Blue,Clean,Germany,4700.0,117134,34900.0,S-Class S
Cadillac,2007,Gasoline,Automatic,White,Clean,USA,6200.0,241401,9999.0,Escalade
Ford,2012,Gasoline,Automatic,Red,Accident Reported,USA,2000.0,226032,8500.0,Transit Connect
Lexus,2010,Gasoline,Automatic,Black,Accident Reported,Japan,2500.0,213559,10700.0,Is 250
Dodge,2020,Gasoline,Automatic,White,Clean,USA,3600.0,78858,40000.0,Durango Gt
Jeep,2019,Gasoline,Automatic,White,Clean,USA,3600.0,37726,44500.0,Wrangler Unlimited
Toyota,2021,Gasoline,Automatic,Other,Clean,Japan,4000.0,56404,52590.0,4Runner Trd
Infiniti,2016,Gasoline,Automatic,Gray,Clean,Japan,3500.0,146835,17500.0,Qx60
Ford,2019,Gasoline,Automatic,Gray,Clean,USA,2700.0,96042,33700.0,F-150 Xl
BMW,2022,Gasoline,Automatic,Purple,Clean,Germany,3000.0,3235,55000.0,M240 I
Toyota,2014,Hybrid,Automatic,Red,Accident Reported,Japan,1800.0,129317,13310.0,Prius Two
Ford,2018,Gasoline,Automatic,White,Clean,USA,3500.0,170065,34995.0,Expedition Max
Toyota,2013,Gasoline,Automatic,Gray,Accident Reported,Japan,4600.0,149186,20800.0,Tundra Grade
Ford,2016,Gasoline,Automatic,Black,Accident Reported,USA,2000.0,163166,16000.0,Edge Titanium
Buick,2021,Gasoline,Automatic,Blue,Clean,USA,2000.0,58812,33290.0,Envision Essence
Audi,2019,Gasoline,Automatic,White,Clean,Germany,3000.0,65983,39900.0,Q7 55
Chrysler,2013,Flex Fuel,Automatic,Black,Clean,USA,3600.0,186477,9500.0,Town &
Chevrolet,2011,Gasoline,Automatic,Silver,Clean,USA,1800.0,218231,7000.0,Cruze Ls
Ford,2020,Gasoline,Automatic,White,Clean,USA,3500.0,42712,46995.0,F-150 Lariat
Jaguar,2011,Gasoline,Automatic,Gray,Accident Reported,UK,5000.0,56543,12400.0,Xf
Jeep,2020,Gasoline,Automatic,Black,Clean,USA,2000.0,80451,53000.0,Wrangler Unlimited
Ford,2011,Diesel,Automatic,Gray,Accident Reported,USA,6700.0,247545,29800.0,F-250 Lariat
Jaguar,2017,Gasoline,Automatic,Blue,Accident Reported,UK,3000.0,93438,26000.0,F-Pace 35T
Porsche,2015,Gasoline,Automatic,Black,Clean,Germany,3800.0,57936,84999.0,911 Carrera
Ford,2022,Gasoline,Automatic,White,Clean,USA,2700.0,27359,69999.0,Bronco Badlands
Suzuki,2013,Gasoline,Manual,Orange,Accident Reported,Japan,2000.0,160905,6900.0,Sx4
Ford,2019,Gasoline,Automatic,Silver,Accident Reported,USA,2000.0,170590,12000.0,Ecosport Ses
Honda,2014,Gasoline,Automatic,Silver,Clean,Japan,1800.0,132771,15000.0,Civic Ex
Mercedes-Benz,2018,Diesel,Automatic,Gray,Clean,Germany,3000.0,66788,61000.0,Sprinter 2500
BMW,2015,Gasoline,Automatic,White,Accident Reported,Germany,2000.0,149643,17000.0,X3 Xdrive28I
Nissan,2007,Gasoline,Automatic,Silver,Clean,Japan,3500.0,193121,6750.0,Murano Sl
Chevrolet,2015,Gasoline,Automatic,Gray,Clean,USA,6200.0,41115,49000.0,Corvette Stingray
Ford,2018,Gasoline,Automatic,Gray,Clean,USA,2700.0,105317,38000.0,F-150 Lariat
Porsche,2020,Gasoline,Automatic,Other,Clean,Germany,4000.0,63748,89900.0,Cayenne Turbo
Toyota,2010,Gasoline,Automatic,Silver,Clean,Japan,4600.0,249222,17900.0,Sequoia Sr5
Lexus,2016,Hybrid,Automatic,Black,Clean,Japan,1800.0,63971,21995.0,Ct 200H
Chevrolet,2018,Gasoline,Automatic,Black,Clean,USA,3600.0,114765,17899.0,Impala 2Lz
Porsche,2015,Gasoline,Automatic,Black,Clean,Germany,3400.0,70006,66500.0,911 Carrera
BMW,2020,Gasoline,Automatic,White,Clean,Germany,3000.0,54718,59335.0,X6 Xdrive40I
Subaru,2021,Gasoline,Automatic,Black,Accident Reported,Japan,2400.0,51901,36000.0,Ascent Touring
Volkswagen,2011,Gasoline,Automatic,Black,Accident Reported,Germany,3600.0,312212,3500.0,Routan
Mercedes-Benz,2018,Gasoline,Automatic,Black,Accident Reported,Germany,2000.0,86430,25900.0,E-Class E
Audi,2022,Gasoline,Automatic,Black,Clean,Germany,3000.0,17542,53900.0,S4 3.0T
Ford,2020,Gasoline,Automatic,Blue,Clean,USA,3500.0,53108,62999.0,F-150 Raptor
BMW,2020,Gasoline,Automatic,Gray,Accident Reported,Germany,2000.0,69202,40000.0,X3 Xdrive30I
